seed,generation,best_fitness,mean_fitness,worst_fitness,num_species,best_nodes,best_connections,avg_nodes,avg_connections,time_eval_ms,time_speciate_ms,time_reproduce_ms,time_total_ms
802276863,0,10175,331.987,9,1,16,39,16,39,11.0287,0.104836,2.39686,13.5711
802276863,1,829,331.33,9,1,16,39,16.0367,39.0233,12.3105,0.055859,2.37253,14.7555
802276863,2,400,331.2,9,1,16,39,16.03,39.02,12.2623,0.05284,2.00326,14.334
802276863,3,1652,371.057,9,1,16,39,16.0433,39.0267,12.7278,0.058522,2.03127,14.8361
802276863,4,32609,450.837,9,1,16,39,16.0833,39.08,12.8825,0.080103,2.07194,15.0635
802276863,5,400,331.25,9,1,16,39,16.12,39.0933,12.1422,0.063878,2.21199,14.4406
802276863,6,14649,413.113,9,1,16,39,16.12,39.0833,15.2281,0.088069,2.10369,17.4534
802276863,7,468,347.65,9,1,16,39,16.2067,39.1033,14.4626,0.079723,2.07853,16.6548
802276863,8,3684,355.237,9,1,17,40,16.2633,39.03,15.095,0.085812,2.08114,17.2969
802276863,9,2019,352.353,9,2,16,39,16.2733,39.0733,13.9195,0.10018,1.34486,15.3901
802276863,10,923946,3417.98,9,3,16,39,16.0867,38.8533,13.8071,0.11163,1.94352,15.8898
802276863,11,25905,466.157,9,2,16,39,16.13,38.78,12.114,0.087301,1.57701,13.7964
802276863,12,10138,447,9,3,16,39,16.1167,38.8033,12.6768,0.094059,1.63669,14.4277
802276863,13,3705,339.24,9,3,16,39,16.0633,38.8833,10.768,0.085917,1.5477,12.4157
802276863,14,2041,369.25,9,3,16,39,16.4133,39.3867,13.364,0.104309,1.77759,15.2677
802276863,15,400,358.987,9,3,16,39,16.2433,39.1433,14.0648,0.09935,2.00993,16.1927
802276863,16,838,202.783,9,4,16,38,16.2333,39.1467,7.48192,0.100262,1.26659,8.87051
802276863,17,458,369.683,9,5,16,39,16.14,38.41,13.2866,0.11601,1.65724,15.0796
802276863,18,817,348.99,9,4,16,37,16.0467,37.9667,13.4894,0.071897,1.91904,15.4988
802276863,19,4082,394.417,9,6,16,37,16.02,38.0633,14.8838,0.119029,1.85868,16.8855
802276863,20,26311,470.577,9,5,16,37,16.0433,38.2433,13.2562,0.129218,1.61939,15.0261
802276863,21,4078,390.81,9,3,16,37,16.2633,38.59,12.9152,0.083797,2.12209,15.1446
802276863,22,826,360.45,9,4,16,38,16.3867,39.02,13.0631,0.111269,2.11788,15.3112
802276863,23,4109,361.513,9,4,16,37,16.3467,38.85,13.8115,0.114969,2.15134,16.098
802276863,24,3648,389.897,9,4,16,38,16.4067,39.2267,14.328,0.128728,1.90356,16.3863
802276863,25,422,372.047,9,3,16,37,16.3433,39.0667,14.6017,0.151174,2.17535,16.9687
802276863,26,1664,376.797,9,7,16,38,16.02,38.42,14.2704,0.112461,1.47746,15.8907
802276863,27,448,301.817,9,10,16,37,16.0533,37.8633,11.9528,0.155595,1.33414,13.4698
802276863,28,78828,884.3,9,10,16,37,16.0333,37.9867,14.2078,0.16709,1.91674,16.3158
802276863,29,3719,397.617,9,10,16,37,16.0667,37.8167,14.4206,0.187645,1.6483,16.2849
802276863,30,40731,1029.76,9,8,16,36,16.08,37.9733,12.2569,0.161012,2.09192,14.531
802276863,31,14538,660.897,9,7,16,36,16.0333,37.1167,10.7213,0.121483,1.90361,12.7659
802276863,32,360694,3744.92,9,6,16,36,16.02,37.7667,12.4192,0.122706,2.03327,14.592
802276863,33,464022,5110.34,9,13,16,37,16.1733,37.2067,12.5644,0.177181,1.8282,14.5834
802276863,34,641489,8604.9,9,13,16,37,16.0533,37.0733,9.42741,0.154352,2.01436,11.6116
802276863,35,48738,647.923,9,10,16,38,16.0533,37.3667,5.9847,0.136743,1.51055,7.65885
802276863,36,361384,5184.73,9,9,16,36,16.1633,37.34,11.1506,0.143971,1.93956,13.2496
802276863,37,741051,14287.7,9,12,16,36,16.1767,37.28,11.4809,0.156231,2.0625,13.7166
802276863,38,673851,4998.53,9,7,16,36,16.08,37.1767,7.63079,0.113233,1.76193,9.5253
802276863,39,609720,9721.73,9,10,16,35,16.0467,36.8967,11.9566,0.194008,1.92363,14.1123
802276863,40,578814,4780.07,9,13,16,35,16.11,37.07,11.9466,0.222907,1.76256,13.9646
802276863,41,776033,3894.14,9,11,16,37,16.0767,36.8633,12.8593,0.215213,2.07845,15.1924
802276863,42,885429,58794.7,9,11,16,37,16.05,36.8967,16.4235,0.20396,2.15777,18.8148
802276863,43,811445,101847,9,5,16,38,16.0367,37.4067,17.281,0.185006,2.059,19.5512
802276863,44,811668,40510.2,9,2,16,37,16.0367,37.4267,12.5702,0.107997,2.12028,14.8308
802276863,45,962272,41527.1,9,3,16,38,16.0467,37.39,13.9027,0.139897,2.02924,16.1006
802276863,46,1.1685e+06,47979.2,9,1,16,37,16.0533,37.3467,12.576,0.139983,2.10495,14.8447
802276863,47,923277,26380.7,9,3,16,37,16.0467,37.4167,12.4402,0.114175,2.11912,14.6968
802276863,48,1.00181e+06,28766.2,9,4,16,37,16.06,37.4933,14.6103,0.415012,2.2692,17.328
802276863,49,848080,25554.5,9,7,16,36,16.0567,37.3933,13.9129,0.139905,1.96731,16.0498
802276863,50,848221,31912.1,9,7,16,38,16.1133,37.39,12.888,0.114943,1.85028,14.8728
802276863,51,361182,4861.75,9,7,16,37,16.1033,37.2367,9.66812,0.131019,1.8649,11.6822
802276863,52,775899,10510.8,9,7,16,38,16.1033,37.3933,11.8564,0.123753,2.04373,14.0442
802276863,53,463498,7336.38,9,16,16,38,16.1767,37.7767,12.2197,0.151557,2.22571,14.6135
802276863,54,811404,32883.9,9,6,16,38,16.08,37.7,12.6215,0.096635,1.96351,14.7068
802276863,55,847824,26603.5,9,8,16,37,16.12,37.9967,11.1999,0.113512,2.15701,13.4889
802276863,56,848609,16322.5,9,17,17,40,16.2067,38.18,11.1866,0.190947,1.87911,13.2763
802276863,57,436661,20192.1,9,18,16,38,16.08,37.9367,13.0971,0.167647,2.00395,15.29
802276863,58,706848,92870.2,14,15,16,38,16.07,38.1467,13.7673,0.160847,1.81752,15.7687
802276863,59,741046,42044.7,9,9,16,38,16.12,38.09,12.0791,0.156906,2.12532,14.379
802276863,60,962142,62868.7,9,7,16,38,16.0567,38.2233,13.337,0.163491,1.93594,15.4569
802276863,61,811683,102183,9,7,16,39,16.0867,38.36,15.9469,0.125767,1.48787,17.5805
802276863,62,848075,63096.3,9,6,16,38,16.0967,38.28,15.9284,0.131464,1.96663,18.0464
802276863,63,1.00175e+06,54066.3,9,8,16,38,16.25,38.59,13.906,0.084906,1.98671,15.9953
802276863,64,130147,11431.2,9,8,17,40,16.21,38.4667,11.6485,0.127519,1.71089,13.5081
802276863,65,491363,47716.6,9,9,16,38,16.1933,38.6333,14.2943,0.143349,1.25721,15.7143
802276863,66,741032,76372.3,9,8,16,38,16.7233,39.58,13.253,0.147981,2.09421,15.5121
802276863,67,740874,44913.8,9,5,16,38,16.5433,39.23,10.4754,0.125011,2.1548,12.7705
802276863,68,641222,47627.9,9,6,17,40,16.56,39.22,11.89,0.107443,2.18998,14.2078
802276863,69,314528,10612.9,9,7,17,40,16.7933,39.44,10.8405,0.155025,2.17317,13.1899
802276863,70,436692,29620.3,9,2,17,40,17,39.7167,11.7483,0.115583,2.2432,14.1267
802276863,71,706870,34915.4,9,5,17,40,16.7567,39.2133,12.2072,0.136584,2.2807,14.6466
802276863,72,885298,28313.9,9,7,16,37,16.8467,39.5,11.8498,0.153841,2.20776,14.2387
802276863,73,811565,36300.4,9,7,17,39,16.69,38.92,13.0789,0.184773,2.14529,15.4383
802276863,74,885278,22100.6,9,9,17,41,16.6133,38.6033,13.1079,0.15782,2.23229,15.5234
802276863,75,741640,24875.3,9,8,17,39,16.87,39.0567,12.6434,0.195056,1.79974,14.6629
802276863,76,549201,11960,9,12,17,39,16.83,38.64,12.4625,0.207296,2.13162,14.8346
802276863,77,578986,14738.9,9,16,17,38,16.5933,38.2767,11.9184,0.146799,2.15597,14.2408
802276863,78,847930,37173,9,9,17,40,16.8033,39.78,11.8901,0.162174,2.30488,14.3793
802276863,79,410451,19522.2,9,8,17,41,16.8433,40.1733,13.5119,0.122863,1.62361,15.2788
802276863,80,361096,11587.8,9,11,17,41,16.9,41.05,13.2512,0.137302,1.84073,15.2465
802276863,81,519511,63191.8,9,12,16,37,16.47,39.31,15.7925,0.168636,1.7963,17.7799
802276863,82,609849,7687.69,400,6,17,40,16.7533,39.9,10.5403,0.139935,2.11603,12.8195
802276863,83,775878,21113.4,9,8,17,40,16.8733,40.14,12.0744,0.120314,2.30172,14.5138
802276863,84,194266,17238.6,9,9,17,44,16.9633,41.66,11.8837,0.147501,2.36341,14.4178
802276863,85,707153,31985.5,9,11,17,42,16.8933,42.1867,12.0658,0.170713,2.27196,14.5311
802276863,86,885441,22762.2,9,10,17,42,16.95,41.5233,11.4916,0.155412,2.37772,14.0448
802276863,87,847991,22945.7,9,8,17,44,17.17,42.68,9.45648,0.167256,2.3049,11.9489
802276863,88,641409,32679.6,9,9,17,41,17.3567,43.1433,12.1607,0.155616,1.75613,14.0938
802276863,89,775906,49103.7,9,9,18,44,16.82,40.4833,12.7893,0.174415,2.30494,15.2898
802276863,90,1.04204e+06,92185.2,9,4,17,42,17.11,41.63,14.0384,0.137134,2.38992,16.5961
802276863,91,811622,60804.5,9,8,17,42,17.0633,41.1067,14.5266,0.16054,2.21696,16.9275
802276863,92,885300,58402.1,9,9,17,42,17.27,41.0333,12.9407,0.157747,2.45218,15.5676
802276863,93,923522,51140.1,9,7,17,42,17.8167,41.8133,15.2753,0.238743,2.65278,18.1988
802276863,94,962320,65841.9,9,8,18,42,18.1733,42.7,15.6013,0.27195,2.49765,18.4127
802276863,95,1.08373e+06,65807.3,9,6,18,42,18.1367,42.61,15.9511,0.172526,2.50043,18.6542
802276863,96,962067,93526.3,9,5,18,43,18.05,42.48,17.7123,0.131352,2.50782,20.373
802276863,97,1.04252e+06,98543.3,9,7,18,44,18.05,42.9467,15.979,0.163648,1.21901,17.3867
802276863,98,1.16851e+06,215306,9,8,18,41,17.8067,41.7567,21.9467,0.162536,2.35211,24.4837
802276863,99,1.16842e+06,113084,9,9,18,43,17.7,41.5467,16.8758,0.140396,1.77308,18.814
802276863,100,1.1681e+06,74229.6,9,4,18,43,17.8167,42,17.7013,0.173648,2.45211,20.3563
802276863,101,962200,79657.9,9,5,17,41,17.57,41.5,14.8289,0.135594,2.54732,17.5334
802276863,102,962177,90856.1,9,5,18,43,17.4767,41.3433,17.6071,0.142115,2.44544,20.2194
802276863,103,811443,111339,9,3,18,40,17.14,40.8733,19.1963,0.097482,2.5592,21.8771
802276863,104,1.04226e+06,103925,9,6,17,38,17.27,40.8467,17.0386,0.153313,1.78112,18.9984
802276863,105,884930,81040.2,9,7,17,42,17.71,42.1133,19.1512,0.153784,2.41992,21.7483
802276863,106,923239,67674.7,9,8,17,41,17.7133,42.55,16.5685,0.133452,1.2262,17.9496
802276863,107,923350,109335,9,6,17,41,17.1333,42.0033,18.813,0.156041,2.33093,21.3239
802276863,108,1.04205e+06,77481.2,9,2,18,43,17.3567,42.94,15.0481,0.080559,2.508,17.6572
802276863,109,673857,44121.7,9,4,17,40,17.1933,42.95,13.7585,0.115985,2.50019,16.3939
802276863,110,1.16817e+06,119369,9,2,17,43,17.76,43.89,18.808,0.104346,2.55914,21.499
802276863,111,885312,112918,9,5,17,44,17.2133,42.9467,17.5726,0.091846,2.35718,20.0403
802276863,112,1.00178e+06,119978,9,6,17,43,17.2033,43.01,18.547,0.169501,2.00391,20.7557
802276863,113,1.1682e+06,118952,9,7,17,43,17.94,43.9733,18.224,0.15558,2.31025,20.7142
802276863,114,1.12573e+06,112271,9,9,17,43,18.02,44.28,19.66,0.144152,2.06627,21.8974
802276863,115,848235,87499.8,9,3,17,39,17.9767,43.6767,16.7534,0.127919,2.60427,19.5107
802276863,116,847919,67451.3,9,6,19,47,18.4733,45.03,14.0425,0.154375,2.61636,16.8459
802276863,117,740949,20849.8,9,6,17,43,18.0367,43.5967,11.185,0.150619,2.47643,13.8348
802276863,118,923441,73991.7,9,9,19,47,18.3467,44.41,15.1992,0.171838,1.76131,17.1561
802276863,119,811783,145242,9,8,19,46,18.71,45.31,21.7535,0.137292,2.56195,24.4763
802276863,120,885328,144005,9,4,19,48,18.83,46.0067,22.8199,0.134403,2.63351,25.6199
802276863,121,923186,107079,9,3,19,46,18.9433,46.54,18.643,0.129874,2.58715,21.3813
802276863,122,1.21189e+06,123175,9,4,19,47,19.0267,47.04,19.4536,0.133757,2.57736,22.1939
802276863,123,848097,111524,9,2,19,47,19.03,47.38,17.7918,0.079289,2.55402,20.4489
802276863,124,962106,89564.7,9,3,19,47,19.0333,47.5133,17.1007,0.135869,2.51022,19.7746
802276863,125,741061,72097,9,3,19,49,19.0833,47.4533,17.6918,0.080881,2.61661,20.4154
802276863,126,707032,29276.7,9,4,19,47,19.11,47.3833,13.3391,0.151294,2.6829,16.2023
802276863,127,885384,54354,9,4,19,48,19.11,47.3833,15.5597,0.134363,2.65869,18.377
802276863,128,741105,39362.8,9,4,19,46,19.22,47.3833,15.0706,0.126081,2.66591,17.901
802276863,129,775862,21500.8,9,8,19,47,19.1667,47.48,12.3322,0.181585,2.39945,14.9468
802276863,130,673976,17901.1,9,10,19,45,19.1367,47.3033,10.9795,0.248193,1.36827,12.6258
802276863,131,847972,249930,9,7,19,49,19.0433,47.0433,36.8235,0.230141,2.60359,39.7012
802276863,132,1.00175e+06,171924,9,4,19,47,19.08,47.6433,35.5681,0.19019,2.74805,38.5548
802276863,133,1.2566e+06,109929,9,4,20,49,19.4933,48.2333,18.8973,0.130709,2.73192,21.7883
802276863,134,1.08403e+06,77048.6,9,4,21,51,19.6333,48.45,18.2954,0.16838,2.72171,21.2198
802276863,135,962180,74635.8,9,6,20,51,19.7833,48.4433,17.4608,0.171617,2.60986,20.2725
802276863,136,707230,114479,9,5,19,47,19.2767,47.82,19.8983,0.216133,2.67264,22.8172
802276863,137,885297,107670,9,7,19,46,19.1967,47.5533,18.3788,0.165619,2.72403,21.2933
802276863,138,707859,128330,9,6,19,46,19.1533,46.9867,18.3815,0.143862,2.65453,21.2042
802276863,139,1.04212e+06,81436.3,400,4,20,48,19.11,46.98,16.789,0.123382,1.82663,18.7606
802276863,140,1.21183e+06,176066,9,6,20,48,19.6667,47.7833,21.5985,0.177854,2.70259,24.5081
802276863,141,1.12553e+06,114874,9,2,20,49,19.9733,48.81,19.6136,0.132371,2.7587,22.531
802276863,142,1.21176e+06,203478,9,4,20,49,20.0433,49.2767,23.0638,0.131729,1.41735,24.6443
802276863,143,1.04189e+06,105513,400,3,20,49,19.2633,46.7533,22.2943,0.161628,2.74845,25.2275
802276863,144,848162,155898,9,2,19,47,19.45,47.8433,24.7676,0.140501,2.77372,27.7183
802276863,145,1.44239e+06,123673,9,3,20,51,19.45,47.8467,22.9882,0.15238,2.77768,25.9503
802276863,146,1.04225e+06,64067.7,9,4,21,50,19.5533,48.0567,17.6354,0.152951,2.72487,20.542
802276863,147,812149,76939.5,9,6,19,49,19.6167,48.0967,17.768,0.146673,1.4251,19.3663
802276863,148,885571,92302.8,9,6,19,46,19.5233,47.66,20.0995,0.191563,2.68318,23.0034
802276863,149,885337,54104.2,9,5,19,46,19.6933,48.8333,15.0441,0.136704,2.85079,18.0581
802276863,150,812349,42374.4,9,6,19,48,19.3133,47.8333,14.9498,0.149572,2.82772,17.9498
802276863,151,847933,45207.4,9,5,19,47,19.1467,47.6467,16.1685,0.143665,3.1955,19.5334
802276863,152,741212,33674.3,9,6,19,46,19.1233,47.63,15.1165,0.164266,2.71344,18.0209
802276863,153,1.12536e+06,96044.9,9,7,19,48,19.4667,48.0667,20.6783,0.180555,2.6438,23.5296
802276863,154,776637,78849.5,9,9,19,47,19.3833,48.33,19.416,0.181787,2.66667,22.2919
802276863,155,885206,37854.1,9,8,19,47,19.29,48.42,15.2169,0.162286,3.19549,18.598
802276863,156,847867,69720.6,9,10,19,47,19.3667,49.0967,17.5619,0.212121,2.93206,20.7361
802276863,157,885047,98959.8,9,11,19,48,19.13,48.7,17.4248,0.19037,2.52626,20.167
802276863,158,923270,86669.7,9,9,19,47,19.0667,48.37,19.1114,0.179777,2.75498,22.0776
802276863,159,848173,54327.1,9,12,19,48,19.05,48.4233,16.8415,0.219843,2.78085,19.8664
802276863,160,811505,55420.6,9,11,19,48,19.0533,48.6733,15.9987,0.248122,2.96127,19.2344
802276863,161,962079,78771.6,9,10,19,51,19.0633,48.93,19.6247,0.173124,2.67637,22.5046
802276863,162,740808,44359.6,9,8,19,48,19.0667,48.1533,14.232,0.19497,2.72008,17.1725
802276863,163,811530,33927.2,9,13,19,49,19.0833,47.9767,14.2987,0.221524,2.49508,17.0447
802276863,164,1.00188e+06,73837.9,9,14,19,47,19.0967,48.45,16.5787,0.235427,2.33222,19.1747
802276863,165,1.00176e+06,121488,9,16,19,51,19.1033,49.2467,18.4256,0.305752,1.94254,20.6996
802276863,166,811304,43174.2,9,11,19,51,19.1967,49.5167,13.5217,0.267267,2.62694,16.4395
802276863,167,776084,55640.8,9,10,20,52,19.18,49.2167,15.8097,0.21119,3.49299,19.5435
802276863,168,1.25613e+06,119719,9,8,20,50,19.4133,49.93,18.4057,0.276236,2.01873,20.733
802276863,169,1.0015e+06,73678.9,9,9,20,51,19.43,50.01,16.54,0.208721,2.71727,19.4972
802276863,170,923110,64287.4,9,8,20,52,19.4833,50.2533,17.4919,0.185578,2.75385,20.4571
802276863,171,923052,74780.8,9,8,19,49,19.35,49.81,17.2977,0.179601,2.8524,20.3566
802276863,172,641440,81899.2,9,8,20,49,19.38,49.6467,16.6858,0.173066,2.86199,19.7543
802276863,173,848027,78783.5,9,8,20,48,19.5467,49.8367,17.087,0.191723,2.50609,19.8192
802276863,174,885305,86674.3,9,11,21,53,19.5667,50.5667,17.9179,0.234338,2.88408,21.0697
802276863,175,775828,76163.3,9,10,19,51,19.82,51.26,18.6936,0.262875,1.93728,20.9354
802276863,176,848733,45587.5,9,12,20,49,19.6533,50.9233,17.169,0.239413,3.13876,20.5848
802276863,177,885356,113209,9,11,20,49,20.0233,51.7467,19.447,0.244738,2.55985,22.2957
802276863,178,1.04247e+06,103517,9,9,20,54,19.6733,50.3267,18.1004,0.233116,2.84709,21.2164
802276863,179,848155,87995.7,9,8,20,52,19.82,50.64,17.1349,0.163442,2.91286,20.2383
802276863,180,741300,95689.8,9,9,20,53,19.97,51.64,17.7802,0.203604,2.9597,20.9813
802276863,181,923485,111138,9,9,20,53,20.1667,52.77,17.6477,0.203911,3.03214,20.9143
802276863,182,1.08362e+06,120566,9,10,21,55,19.7867,51.7133,18.1508,0.228666,3.35374,21.7654
802276863,183,923141,79933.1,400,10,21,54,20.68,54.0433,17.6956,0.149621,2.83062,20.7061
802276863,184,847894,192820,9,8,21,56,19.7433,52.6067,24.347,0.192798,2.8592,27.4311
802276863,185,1.00189e+06,52435.5,9,8,22,55,19.52,52.2333,17.4412,0.179442,2.57898,20.2289
802276863,186,1.16842e+06,121259,9,8,20,54,20.38,54.2767,19.5139,0.201607,2.71488,22.4622
802276863,187,811338,105565,9,9,19,54,20.05,53.7267,19.2139,0.21325,2.93838,22.3973
802276863,188,1.00184e+06,114098,9,12,21,51,19.9867,53.2567,19.0929,0.235602,2.92787,22.2868
802276863,189,1.16843e+06,126033,9,12,21,54,19.8833,53.05,19.7814,0.270498,3.02677,23.1124
802276863,190,848086,106775,9,14,21,55,20.1967,53.7633,19.3528,0.295359,2.42464,22.1141
802276863,191,706973,94545.6,9,15,21,53,20.5933,53.54,18.831,0.334158,2.97504,22.1822
802276863,192,847984,75792.8,9,7,21,53,20.5267,53.8233,16.5803,0.149793,3.49453,20.2573
802276863,193,1.212e+06,64759,9,10,21,55,20.3867,53.94,15.6105,0.213887,3.02327,18.8795
802276863,194,848074,62532.5,9,12,21,52,20.2333,53.63,14.9406,0.287022,2.87427,18.1342
802276863,195,885003,42939.5,9,10,21,52,20.3367,54.2833,13.3971,0.212867,3.05555,16.6924
802276863,196,674316,78832.2,9,11,20,52,20.5633,54.5167,15.0495,0.202734,3.13739,18.416
802276863,197,741006,46311.8,9,12,21,55,20.6267,54.5133,13.9951,0.244609,3.0514,17.3211
802276863,198,1.00159e+06,107190,9,16,21,56,20.5833,54.6833,17.3,0.277885,2.51762,20.1276
802276863,199,1.00159e+06,20710.6,9,12,21,53,20.4533,54.9433,13.989,0.242673,3.11854,17.3736
802276863,200,885191,33986.6,9,13,21,60,20.53,54.96,14.9538,0.258272,2.70804,17.9554
802276863,201,775983,43673.2,9,14,22,57,20.5833,55.0033,15.5314,0.242013,3.15453,18.959
802276863,202,741076,35165.7,9,8,21,53,21.2033,56.4733,13.8159,0.241486,3.3816,17.4627
802276863,203,923172,67829.7,9,12,21,58,21.0867,56.8733,16.644,0.253857,2.67324,19.6055
802276863,204,314869,112613,54,13,22,58,21.3567,56.99,18.874,0.232052,3.07895,22.2112
802276863,205,1.00146e+06,72401,9,13,22,57,20.6467,56.2567,14.8844,0.244665,2.15162,17.3106
802276863,206,491011,95121.3,9,13,21,59,21.5167,58.4267,17.3232,0.261002,3.3188,20.9324
802276863,207,609721,77628.6,9,12,22,62,21.17,58.3267,17.3947,0.214833,3.34728,20.985
802276863,208,848048,234398,9,8,22,62,20.9667,57.8633,26.4312,0.280654,3.3688,30.1274
802276863,209,1.00164e+06,108837,9,5,21,58,21.1,58.7133,17.6689,0.125963,3.3741,21.2005
802276863,210,1.04229e+06,142959,9,7,22,57,21.0233,58.1933,19.4993,0.215868,3.42394,23.1754
802276863,211,1.44231e+06,120702,9,6,21,57,21.8933,60.62,19.1797,0.207231,1.73144,21.1472
802276863,212,885186,164220,9,6,21,57,21.01,58.85,20.346,0.271381,2.52914,23.1837
802276863,213,811862,61940,9,6,21,57,21.4533,59.0467,13.4923,0.190494,3.3123,17.0205
802276863,214,1.0017e+06,36489.1,9,7,21,56,21.74,59.3367,13.193,0.19915,1.97156,15.394
802276863,215,1.00161e+06,106383,9,6,23,65,22.8433,63.0033,17.7891,0.24362,2.22878,20.2974
802276863,216,811689,87408.6,9,6,21,57,21.7433,59.57,16.9574,0.233822,3.71082,20.9312
802276863,217,1.08337e+06,137453,9,4,23,65,22.7733,63.8967,20.8764,0.183754,4.19579,25.2954
802276863,218,811643,101080,9,7,23,66,22.3833,62.6,18.1873,0.218123,3.52963,21.9692
802276863,219,923450,105736,9,5,23,64,21.83,60.7833,18.9296,0.230127,3.52155,22.7211
802276863,220,1.25667e+06,89441.6,9,8,23,65,21.8867,60.7367,17.3738,0.234118,3.94773,21.5877
802276863,221,848056,112007,9,7,23,65,23,63.99,17.4315,0.241421,3.50764,21.2239
802276863,222,962436,85283.1,9,9,21,57,22.4867,62.1433,17.3455,0.22614,2.95088,20.5563
802276863,223,1.2564e+06,155889,9,9,23,65,22.6533,62.9133,20.9576,0.359608,2.9143,24.2866
802276863,224,811638,69840.1,9,7,23,65,22.2567,61.76,19.0942,0.268737,3.3966,22.807
802276863,225,923450,148090,9,10,23,63,21.8433,59.8133,22.5069,0.244763,3.84132,26.6418
802276863,226,1.25627e+06,88817.4,9,15,22,61,21.95,59.69,16.2281,0.274415,2.95595,19.4962
802276863,227,741405,144698,9,17,23,62,22.4233,61.8533,19.9837,0.240755,2.56175,22.8176
802276863,228,1.08369e+06,78177.9,9,14,24,66,22.7167,62.2667,17.9318,0.302343,2.46321,20.7332
802276863,229,962118,126070,9,12,21,57,21.9233,58.8333,23.3011,0.32049,2.30361,25.9621
802276863,230,1.0017e+06,130619,9,9,21,58,21.23,57.8133,19.7835,0.190948,3.06712,23.0734
802276863,231,961934,120186,9,9,22,59,21.5567,59.0233,17.9864,0.223133,3.71762,21.9566
802276863,232,962235,246565,9,5,22,62,21.8167,59.56,28.0779,0.26916,3.60494,31.9842
802276863,233,1.30185e+06,55267.8,9,5,23,62,21.9333,60.1,14.8944,0.238139,3.50938,18.6754
802276863,234,1.16811e+06,157789,9,8,22,61,21.34,58.9067,22.3176,0.229016,2.5561,25.1379
802276863,235,1.25651e+06,107602,9,7,23,63,21.7967,59.22,20.3113,0.207346,3.6502,24.2013
802276863,236,776212,72638.6,9,12,21,60,21.8067,59.45,15.8714,0.249961,2.17008,18.3249
802276863,237,1.04214e+06,58843.5,9,10,23,62,21.3567,58.8167,19.422,0.267843,3.36065,23.0859
802276863,238,1.04214e+06,67838,9,11,21,61,21.6767,59.37,18.4592,0.228727,2.86624,21.5853
802276863,239,1.12579e+06,81509.6,9,13,23,63,22.4267,60.9633,18.2133,0.297751,3.55087,22.1035
802276863,240,1.08361e+06,92170,9,8,23,64,22.5,61.73,17.5452,0.235037,3.38929,21.2052
802276863,241,962049,172022,9,7,22,59,22.2867,61.3467,23.4182,0.248255,3.90801,27.6162
802276863,242,1.69268e+06,137146,9,9,23,64,22.2,61.1667,22.1507,0.246331,3.29912,25.7323
802276863,243,609925,88845.2,9,8,23,64,22.29,60.97,20.342,0.282279,3.91103,24.573
802276863,244,847729,96128.3,9,7,22,63,22.2333,61.4767,20.5886,0.226356,3.62984,24.4803
802276863,245,1.04207e+06,107694,9,11,22,58,22.1533,61.6067,19.1323,0.259981,3.77183,23.198
802276863,246,961844,100777,9,13,24,65,22.7833,63.2367,19.3765,0.31872,2.11079,21.8449
802276863,247,923212,48722.3,9,9,24,66,22.53,61.2733,14.5199,0.298971,3.7164,18.5704
802276863,248,741056,51743.3,9,7,23,61,22.63,62.5133,15.3846,0.233926,2.13737,17.7933
802276863,249,848024,83878.7,9,7,23,61,22.8933,61.75,17.2606,0.258451,3.64639,21.1932
802276863,250,1.04205e+06,96643.5,9,7,24,66,23.5267,63.8233,18.8637,0.181976,3.6501,22.7347
802276863,251,811703,52118.8,9,8,23,64,23.0133,63.49,17.7826,0.244095,3.67576,21.7422
802276863,252,1.12519e+06,97556.8,9,6,24,66,22.7667,63.2967,20.5503,0.234715,3.36678,24.1901
802276863,253,847759,66125,9,6,23,66,22.7367,63.78,15.2058,0.220061,3.8814,19.3393
802276863,254,609631,63035,9,6,24,68,23.0733,64.77,15.3404,0.249838,3.95916,19.5869
802276863,255,885106,44003.2,9,7,24,66,23.1333,65.1533,15.4213,0.272735,3.57508,19.3301
802276863,256,578819,85131,9,7,24,65,23.21,64.8667,18.8486,0.222612,2.58252,21.6869
802276863,257,673884,115540,9,6,23,61,22.49,63.4167,22.3912,0.242864,3.88179,26.574
802276863,258,885171,93625.4,9,6,23,65,22.4133,63.09,21.0238,0.20002,3.71132,24.9711
802276863,259,848154,90761.6,9,5,22,63,22.4133,63.0933,16.1505,0.214761,4.00298,20.3993
802276863,260,811499,50883.3,9,4,22,63,22.6933,62.9833,13.4799,0.237179,4.53753,18.2879
802276863,261,923174,49252.1,9,4,22,64,22.5967,63.0567,14.5449,0.22689,3.83072,18.6534
802276863,262,923305,71559.6,9,8,22,65,22.37,63.1167,15.8974,0.262721,3.73668,19.9341
802276863,263,962785,64057.4,400,8,22,65,22.1967,63.0067,15.766,0.204628,3.77781,19.7777
802276863,264,1.1257e+06,74380.1,9,11,22,64,22.18,62.5,16.1555,0.226343,3.04681,19.461
802276863,265,1.00175e+06,62458.8,9,12,22,62,22.48,62.12,17.0653,0.275533,3.98764,21.3635
802276863,266,847926,64974.9,9,9,22,62,22.5033,62.5833,15.5617,0.26689,2.35131,18.2227
802276863,267,1.212e+06,160474,9,10,22,62,22.1933,62.2067,22.0087,0.251021,3.12991,25.4234
802276863,268,707160,83577.6,9,7,22,62,22.4133,62.9167,18.2249,0.322216,2.4441,21.0418
802276863,269,707256,122027,9,6,22,64,22.1867,61.2067,21.1364,0.294361,3.60946,25.0941
802276863,270,741128,74317.6,9,5,22,63,22.41,62.5267,15.7144,0.23946,3.79551,19.7994
802276863,271,1.00182e+06,94899.7,9,7,22,60,22.3833,62.21,19.5738,0.217968,3.29254,23.1221
802276863,272,1.12545e+06,70691.2,9,6,22,59,22.3733,61.5133,16.2058,0.276559,3.31303,19.8476
802276863,273,848255,67057.6,9,9,22,61,22.5833,63.2867,16.749,0.224718,2.37886,19.3871
802276863,274,775988,104061,9,6,22,62,22.2867,61.9567,17.8413,0.281669,4.01271,22.173
802276863,275,741112,152702,9,8,22,62,22.3567,62.47,21.8329,0.243519,2.98159,25.1067
802276863,276,923358,109325,9,10,22,63,22.73,64.39,18.8552,0.233028,3.49153,22.6148
802276863,277,776116,78649.6,9,4,22,63,22.6467,64.18,19.1508,0.139619,3.61436,22.9394
802276863,278,923119,144169,9,6,22,63,22.5667,64.3867,21.6553,0.263541,3.86559,25.8236
802276863,279,1.21197e+06,96420.7,9,7,23,66,22.3,63.4167,19.7029,0.243588,3.80074,23.7814
802276863,280,885245,78841.1,9,9,23,66,22.7233,64.72,16.1137,0.284483,4.1261,20.562
802276863,281,1.00187e+06,105417,9,6,22,60,22.44,63.9867,20.2327,0.233586,3.65331,24.1512
802276863,282,885045,52955,9,5,22,62,22.79,64.9767,14.505,0.232783,3.62046,18.3913
802276863,283,706877,100951,9,9,22,65,22.64,64.88,18.7096,0.187925,3.19531,22.1291
802276863,284,549201,101460,9,8,22,66,22.2167,64.2867,21.5132,0.300345,2.92651,24.7959
802276863,285,609902,47723.3,9,7,22,65,22.38,62.8033,18.1935,0.255102,3.64262,22.1425
802276863,286,848146,128426,9,8,23,67,22.2667,63.8367,23.2901,0.314897,3.83643,27.4954
802276863,287,1.08357e+06,89856.2,9,5,23,67,22.5167,64.4967,18.9402,0.288025,3.73896,23.0193
802276863,288,1.0016e+06,77958.6,9,6,23,67,22.44,64.6233,17.3207,0.291529,3.79365,21.4596
802276863,289,1.21215e+06,138574,9,7,23,69,22.4667,65.7933,21.8399,0.320541,4.00991,26.2224
802276863,290,1.00176e+06,101438,9,7,22,63,22.7533,65.9233,21.3925,0.388719,4.13716,25.9885
802276863,291,885299,150037,9,7,23,66,22.85,66.2067,22.6023,0.325189,3.98002,26.9586
802276863,292,848041,56127.5,9,7,22,65,23.1233,66.9867,17.2293,0.354654,4.18204,21.828
802276863,293,740832,80817.6,9,7,22,63,22.91,66.18,18.8164,0.337473,2.70896,21.917
802276863,294,1.12523e+06,165018,9,6,22,66,22.57,66.39,21.2209,0.326954,4.23747,25.83
802276863,295,1.04248e+06,119773,9,8,22,66,22.4,66.2067,20.1212,0.454312,3.2343,23.862
802276863,296,1.30156e+06,154630,9,9,22,68,22.1467,64.8633,19.2225,0.305643,3.24669,22.8199
802276863,297,847965,77807.4,9,6,22,62,22.1367,63.8667,16.438,0.371529,2.49866,19.374
802276863,298,775937,136955,9,9,22,65,22.0433,64.5067,22.1451,0.298919,3.6692,26.1598
802276863,299,885301,119994,9,8,22,66,22.0967,64.7433,21.4545,0.365047,3.4627,25.343
802276863,300,1.12559e+06,159186,9,9,22,63,22.0367,64.74,22.2595,0.330671,3.18785,25.8266
802276863,301,641238,196451,9,7,22,63,22.0367,64.6867,25.7782,0.25645,2.95558,29.0472
802276863,302,706987,45992.3,9,7,22,62,22.0433,64.63,17.0901,0.288746,3.95624,21.3863
802276863,303,962051,104272,9,7,22,63,22.0433,64.7433,20.6875,0.362526,3.64538,24.7484
802276863,304,1.04206e+06,108527,9,5,23,64,22.0933,64.57,22.6968,0.299566,3.85674,26.9086
802276863,305,923672,81790.4,9,9,22,63,22.1833,64.7133,17.2449,0.294154,3.15245,20.7359
802276863,306,923443,99942.9,9,9,22,64,22.13,64.59,18.9108,0.276864,3.65957,22.8825
802276863,307,674109,67306.1,9,10,22,63,22.1067,65.05,17.2071,0.234919,3.64359,21.1196
802276863,308,1.00192e+06,92877.2,9,10,22,66,22.11,65.1033,18.8587,0.250141,3.79937,22.9458
802276863,309,1.12544e+06,104679,9,12,22,66,22.0833,65.2667,17.6963,0.285283,2.12829,20.1457
802276863,310,1.12566e+06,89680.7,9,9,23,69,22.42,66.0067,21.1015,0.265814,3.06089,24.4636
802276863,311,1.08343e+06,87158.5,9,10,22,67,22.4033,67.2,21.5557,0.285194,1.70101,23.5943
802276863,312,885082,131835,9,6,23,69,22.5633,67.7933,21.3853,0.402399,3.30393,25.1351
802276863,313,923028,178058,9,6,22,66,22.7067,68.5967,22.5077,0.258056,3.821,26.6411
802276863,314,776164,74285,9,3,23,70,22.7967,68.8567,15.206,0.218182,3.84685,19.3098
802276863,315,1.00216e+06,96383.5,9,3,22,66,22.5967,68.5533,18.5151,0.147778,3.79509,22.4941
802276863,316,1.25649e+06,75053.4,9,3,23,70,22.61,68.8933,16.0222,0.157709,4.00853,20.229
802276863,317,1.16857e+06,138834,9,3,23,69,22.95,69.6233,21.8972,0.248394,4.04816,26.2477
802276863,318,848238,149245,9,4,23,69,22.9633,69.3767,23.4035,0.254091,3.92559,27.6389
802276863,319,1.16866e+06,71819.3,9,6,23,71,23.05,69.2867,15.7001,0.294271,3.91506,19.9611
802276863,320,1.04225e+06,73362.8,9,7,24,70,23.3533,69.69,19.4706,0.31824,3.60563,23.4511
802276863,321,1.00253e+06,38822.8,9,6,24,71,22.7767,68.92,16.9291,0.283723,4.05721,21.319
802276863,322,1.25638e+06,97483.1,9,5,23,67,22.9367,69.05,20.6163,0.274371,4.08758,25.0307
802276863,323,1.16811e+06,62882.3,9,8,23,67,23.2733,68.7533,15.6016,0.275113,3.83613,19.7586
802276863,324,1.00184e+06,68441.7,9,12,23,67,22.97,68.4733,17.8465,0.378608,4.07376,22.3457
802276863,325,1.08345e+06,118993,9,15,24,65,23.0367,67.8567,23.583,0.423933,4.54017,28.5997
802276863,326,1.00208e+06,82565.8,9,9,23,70,22.99,68.4567,18.6897,0.407901,3.96052,23.1083
802276863,327,491239,57095.2,9,7,23,67,23,68.1433,16.5088,0.318925,3.87793,20.7584
802276863,328,884971,73351.7,9,10,22,67,22.9067,67.83,16.6794,0.290259,3.7902,20.8007
802276863,329,811684,115349,9,11,23,69,22.9933,67.23,19.9234,0.327662,2.98332,23.2793
802276863,330,1.21206e+06,219254,9,5,23,69,23.15,68.0833,30.6721,0.288873,4.19083,35.2024
802276863,331,1.39461e+06,107352,9,5,24,70,23.0467,68.3033,22.6002,0.280366,3.93941,26.8748
802276863,332,1.30175e+06,69463.7,9,6,24,70,23.02,66.53,16.6949,0.284781,4.01402,21.0481
802276863,333,923506,89935.7,9,5,23,69,23.0133,67.16,19.6036,0.279068,4.28344,24.2133
802276863,334,962321,65179.7,9,7,23,65,22.8767,67.6233,17.8373,0.295315,3.52844,21.7095
802276863,335,1.30165e+06,166473,9,5,23,68,22.8167,67.48,25.6593,0.299624,4.21647,30.2287
802276863,336,848093,65013.5,9,7,23,67,22.88,67.21,17.7951,0.300986,3.86265,22.0044
802276863,337,1.00163e+06,59818.8,9,11,23,66,22.7033,67.8367,16.4978,0.354142,3.66365,20.5638
802276863,338,848490,60462.3,9,11,23,70,22.66,68.16,17.0695,0.511503,7.20092,24.8496
802276863,339,673815,76239.5,9,12,23,68,22.8633,67.9333,18.8928,0.347782,2.85041,22.1503
802276863,340,707217,76651,9,14,23,67,22.9733,67.12,17.8606,0.342534,2.99715,21.2416
802276863,341,1.16844e+06,42987.3,9,8,23,69,22.9833,68.87,16.3203,0.323193,3.91959,20.6058
802276863,342,1.16841e+06,82566.9,9,6,23,68,22.9933,68.81,15.3723,0.242316,5.66869,21.3224
802276863,343,1.12549e+06,61733.4,9,5,23,67,23.1733,69.5267,16.291,0.182483,4.84162,21.3564
802276863,344,962344,72079,9,8,23,71,23.23,69.5667,21.9191,0.267255,3.77177,26.004
802276863,345,1.00178e+06,81446.4,9,3,24,70,23.3767,70.12,18.092,0.231339,3.99536,22.3586
802276863,346,1.00165e+06,146677,9,5,24,73,23.37,69.5733,19.7078,0.247901,3.87431,23.8715
802276863,347,1.12558e+06,70012.3,9,7,23,70,23.3833,70.23,19.7525,0.240717,4.33255,24.3684
802276863,348,962446,115744,9,8,23,70,23.3867,70.02,19.2865,0.27757,3.94607,23.556
802276863,349,961897,71423.8,9,10,23,66,23.4667,69.3933,16.4978,0.248107,2.3542,19.135
802276863,350,1.04232e+06,88270.1,9,8,23,69,23.09,68.36,19.8501,0.297194,3.80152,23.9842
802276863,351,1.12555e+06,147817,9,6,23,69,23.2033,69.2433,20.6883,0.264517,3.9817,24.9821
802276863,352,848521,102282,9,8,23,68,23.1367,69.1933,17.9401,0.219874,3.50692,21.7035
802276863,353,1.00193e+06,111804,9,4,23,69,23.38,69.27,19.9916,0.248513,3.90492,24.1917
802276863,354,1.44224e+06,74815.9,9,8,23,70,23.3267,69.0533,16.5433,0.320764,3.96243,20.8791
802276863,355,1.00187e+06,124922,9,8,23,69,23.1267,69.1133,22.8756,0.292536,3.97287,27.1864
802276863,356,811560,23528.5,9,6,23,69,23.1633,69.07,13.6244,0.29268,2.67944,16.6534
802276863,357,775903,72793.2,9,10,24,69,23.21,70.4667,17.451,0.328276,3.35574,21.1785
802276863,358,1.34779e+06,152030,9,5,24,69,23.6167,70.0833,24.412,0.20583,3.94406,28.5993
802276863,359,848179,129249,9,6,24,70,23.5533,70.2767,22.8524,0.230273,4.81734,27.9426
802276863,360,923404,80181.5,9,3,25,74,23.53,70.5433,18.2689,0.29309,3.99855,22.6115
802276863,361,961955,90426.3,9,5,24,71,23.6833,70.9433,15.9115,0.273264,4.01823,20.2466
802276863,362,1.30187e+06,98153.1,9,4,24,71,23.76,70.5767,16.5261,0.197784,4.06564,20.8303
802276863,363,1.16864e+06,80048.1,9,7,24,70,23.8467,71.0567,19.0172,0.264733,3.73255,23.0519
802276863,364,811727,105101,9,6,24,70,24.0833,71.02,22.1637,0.256316,4.0618,26.5268
802276863,365,1.00182e+06,90479.8,9,9,24,72,24.0133,71.47,19.247,0.285586,3.40736,22.9805
802276863,366,923397,65847.4,9,7,24,70,24.17,70.9567,17.7592,0.219174,2.9197,20.9364
802276863,367,923246,90413.4,9,9,25,71,24.5667,70.44,17.9005,0.247186,3.85138,22.0359
802276863,368,923380,76915.9,9,7,25,68,24.6633,71,17.453,0.247149,2.50271,20.2406
802276863,369,811681,47865.9,9,7,25,68,24.2167,68.42,17.3226,0.256681,3.03735,20.6494
802276863,370,1.0018e+06,75704.4,9,8,25,70,24.3867,69.8533,20.898,0.300877,4.77093,26.0307
802276863,371,1.00148e+06,66139.4,9,8,24,68,24.4267,71.13,16.2048,0.301844,4.19973,20.7544
802276863,372,1.44247e+06,83431.9,9,6,24,71,24.3767,71.6733,15.1949,0.256486,4.21111,19.7088
802276863,373,1.08343e+06,100999,9,7,24,72,24.65,72.51,19.369,0.318429,4.21914,23.959
802276863,374,609819,139880,9,5,24,75,24.6133,72.8833,21.0534,0.298583,4.07136,25.4748
802276863,375,811573,72754.8,9,8,24,69,24.5767,73.0167,15.1179,0.326096,4.11892,19.6093
802276863,376,962136,58703.6,9,10,24,70,24.5367,72.64,15.6524,0.331382,3.30064,19.3321
802276863,377,548791,30338.5,9,9,24,70,24.3867,73.25,12.1662,0.249501,2.79031,15.2489
802276863,378,578763,29487.9,9,7,24,75,25.22,74.4533,14.1258,0.279547,3.95592,18.4036
802276863,379,337437,53250.2,9,7,26,75,25.1633,75.0233,15.0492,0.211685,2.35218,17.6486
802276863,380,811477,61032.7,9,6,26,75,24.55,74.2033,13.709,0.313968,4.21667,18.2854
802276863,381,1.042e+06,80118.7,9,5,24,74,24.99,74.7833,19.7301,0.245208,4.25962,24.2798
802276863,382,361043,38520.1,9,2,24,75,24.5533,75.4233,14.4047,0.258188,4.31199,19.0165
802276863,383,962038,41163.4,9,5,24,75,24.4467,75.8567,17.5959,0.190686,2.99057,20.8333
802276863,384,741041,23807.6,9,5,24,75,24.6667,74.9067,18.7378,0.273102,4.0555,23.1103
802276863,385,884898,38375.4,9,8,25,76,24.2267,75.0533,15.0265,0.241867,4.18254,19.4927
802276863,386,923262,44335.5,9,7,24,74,24.3033,75.07,14.1228,0.22406,2.14485,16.528
802276863,387,848102,66651.3,9,7,24,75,24.8567,76.6267,17.1654,0.324986,4.01078,21.5458
802276863,388,962161,46257.5,9,4,24,75,24.7467,76.7467,15.5306,0.25956,4.23434,20.0723
802276863,389,740996,59394.3,9,6,24,75,24.5067,76.0833,17.3874,0.25014,3.98649,21.6647
802276863,390,1.084e+06,79151.3,9,7,24,76,24.2633,75.3733,18.7404,0.254737,3.13585,22.1752
802276863,391,707132,88372,9,7,24,77,24.59,76.0733,17.5872,0.268099,4.19424,22.0908
802276863,392,707035,83746.1,9,6,24,77,24.6767,76.8133,17.0162,0.229264,4.32628,21.6175
802276863,393,885362,53176.6,9,5,24,75,24.67,76.3167,16.7763,0.319313,4.21889,21.3662
802276863,394,847952,57817.8,9,7,24,75,24.3067,75.4833,17.0413,0.344403,4.2205,21.6538
802276863,395,848036,100418,9,6,24,73,24.19,75.8333,17.3597,0.251169,2.8166,20.4727
802276863,396,1.2562e+06,92372.7,9,5,25,74,24.8233,76.5567,18.4108,0.337297,4.38966,23.1934
802276863,397,775518,74787,9,5,25,78,24.9033,76.7,14.5587,0.276142,4.3582,19.2446
802276863,398,885277,106547,9,6,24,76,24.48,75.4933,19.6826,0.300468,4.07975,24.1089
802276863,399,961550,69330.7,9,5,25,80,24.9567,76.59,21.4295,0.290272,4.24673,26.0131
802276863,400,923318,65004.5,9,5,24,75,24.81,76.1333,19.0521,0.626757,7.05648,26.8136
802276863,401,1.08347e+06,70266.1,9,5,25,78,24.65,76.07,20.7769,0.456207,5.53475,26.8318
802276863,402,1.00207e+06,70348.2,9,7,25,78,24.76,76.0267,21.8875,0.327743,4.14832,26.4193
802276863,403,811511,54896.1,9,9,24,76,24.6633,75.8533,16.4041,0.300229,4.63607,21.3837
802276863,404,885450,89265.6,9,12,25,76,24.8567,76.62,20.3922,0.324012,4.02001,24.7778
802276863,405,410441,74213.3,9,11,24,75,24.49,75.38,18.4008,0.374527,4.29464,23.1188
802276863,406,1.00154e+06,93733.8,9,5,25,76,24.7667,76.7467,19.7657,0.310913,4.37644,24.5069
802276863,407,1.00174e+06,49837.8,9,7,24,74,24.8933,77.5267,17.3746,0.286634,4.2424,21.9507
802276863,408,673676,68424.2,9,6,25,79,24.9933,77.6167,17.7064,0.25478,4.42359,22.4237
802276863,409,1.04216e+06,67605.3,9,5,25,80,24.9567,77.8933,17.1226,0.250903,4.12314,21.5385
802276863,410,1.16837e+06,90887.5,9,6,25,79,25.05,78.3367,17.6796,0.282259,4.44776,22.4552
802276863,411,1.00168e+06,94682.6,9,8,25,78,25.0833,78.5167,17.5801,0.236756,3.09969,20.9534
802276863,412,922804,111621,9,4,25,78,25.0967,78.4,17.7497,0.276318,4.02736,22.0956
802276863,413,740980,163814,9,5,25,81,25.0867,78.6067,20.2864,0.228969,4.34076,24.8975
802276863,414,848082,87610.2,9,2,25,80,25.0967,78.78,20.3737,0.172636,4.46076,25.054
802276863,415,775796,98115.1,9,2,26,79,25.1567,79.1333,20.5679,0.151758,4.58716,25.3483
802276863,416,811637,84960.2,9,3,26,80,25.1433,79.0433,20.2104,0.256182,4.38188,24.8977
802276863,417,811520,87883.8,9,3,26,80,25.3833,79.86,19.1504,0.156115,4.26031,23.6173
802276863,418,1.04236e+06,105190,9,2,25,79,25.4533,79.99,20.7886,0.340454,5.39682,26.5932
802276863,419,923167,160966,9,5,26,80,25.57,80.0633,25.4753,0.242286,4.5058,30.2741
802276863,420,923475,137052,9,6,26,80,25.79,80.16,24.1207,0.28218,4.30757,28.7653
802276863,421,848497,72211.8,9,4,25,78,25.95,80.1867,17.4502,0.299564,4.47031,22.2824
802276863,422,776003,76696.3,9,7,27,82,25.93,80.1433,20.0807,0.299986,3.11849,23.5565
802276863,423,1.08347e+06,165888,9,4,26,81,26.1133,81.2033,23.907,0.294702,4.43022,28.6902
802276863,424,1.39467e+06,82557.4,9,6,27,81,26.1633,81.5567,16.7074,0.252703,4.34393,21.3557
802276863,425,1.04213e+06,114774,9,6,26,82,26.2967,80.8067,21.8078,0.322009,4.49036,26.6779
802276863,426,1.04228e+06,119797,9,6,26,82,26.23,80.2667,24.4018,0.314129,3.29901,28.0691
802276863,427,1.00176e+06,72003,9,6,26,79,27.24,81.0967,20.5842,0.389389,4.8851,25.9231
802276863,428,811664,64111,9,7,26,76,27.0667,81.3733,19.354,0.316536,4.90048,24.6294
802276863,429,923138,132637,9,13,26,80,27.3233,81.72,22.387,0.398874,3.30866,26.1595
802276863,430,1.49071e+06,123169,9,12,29,84,27,81.0967,23.2813,0.413925,4.42889,28.19
802276863,431,1.08338e+06,137477,9,8,26,80,26.81,81.8967,22.9717,0.390947,4.25496,27.6819
802276863,432,1.08391e+06,153307,9,7,29,84,26.7933,81.37,20.6371,0.416949,4.69817,25.8226
802276863,433,776104,127374,9,12,29,83,26.99,81.32,19.9036,0.382216,3.10788,23.4465
802276863,434,885337,132147,9,9,26,78,26.3567,79.4067,21.1415,0.433595,3.43209,25.0668
802276863,435,1.00185e+06,83929.4,9,9,26,78,27.8433,82.0867,19.2213,0.340063,4.46768,24.0867
802276863,436,811729,81401.3,9,9,26,78,26.5133,81.0933,18.4539,0.408408,3.40694,22.3231
802276863,437,962174,85368.8,9,7,27,77,27.1333,81.4633,16.5576,0.382487,4.35463,21.344
802276863,438,811744,93041.4,9,9,27,77,27.2267,82.1333,19.7041,0.358049,4.1589,24.2791
802276863,439,961962,140683,9,9,26,81,27.09,80.2,21.0742,0.468062,4.61181,26.2205
802276863,440,1.08346e+06,159039,9,7,26,81,27.6133,82.0633,24.9309,0.475638,4.81922,30.2987
802276863,441,1.30163e+06,88709.7,9,7,26,79,27.3,82.2533,19.3121,0.37355,4.54057,24.2871
802276863,442,1.12552e+06,83346.7,9,6,28,83,27.6833,83.36,18.0842,0.362204,5.49067,23.9997
802276863,443,775862,75491.7,9,7,26,78,28.0667,84.1367,18.4645,0.555437,3.77572,22.8739
802276863,444,1.00182e+06,199061,9,10,26,78,27.1067,81.14,27.4369,0.438555,4.05181,31.9929
802276863,445,811687,148265,9,7,26,78,26.8333,81.5367,22.5075,0.385701,4.4526,27.3995
802276863,446,885405,131647,9,5,26,78,27.4967,82.7167,21.7494,0.355844,4.60961,26.7667
802276863,447,811562,155051,9,6,26,78,27.25,82.37,23.0154,0.317466,4.07883,27.4606
802276863,448,1.1255e+06,159763,9,6,26,80,27.6767,83.56,22.0965,0.367428,4.68237,27.1941
802276863,449,1.12577e+06,125733,9,4,26,78,27.5833,83.1933,22.8453,0.365034,4.62743,27.888
802276863,450,1.30146e+06,140264,9,4,26,78,26.9967,81.1167,21.7421,0.357787,4.64842,26.8018
802276863,451,885383,108944,9,7,26,79,26.9533,81.2667,20.7932,0.329398,4.14779,25.3163
802276863,452,811545,87616.6,9,8,29,87,27.48,82.4933,17.6811,0.571016,5.11273,23.4109
802276863,453,641609,42763.4,9,12,29,86,27.05,81.2367,16.3858,0.414475,4.58617,21.4467
802276863,454,923091,80878.1,9,7,26,78,27.5767,82.2433,15.8573,0.430033,4.45788,20.8042
802276863,455,885180,108553,9,9,26,78,26.5233,79.94,19.6543,0.37955,4.26956,24.3624
802276863,456,923704,86375.4,9,13,26,79,26.4933,80.7267,20.6451,0.377693,3.63582,24.7194
802276863,457,706928,102360,9,12,26,79,26.9433,81.21,18.5156,0.319357,3.35204,22.2276
802276863,458,885323,210126,9,7,26,80,26.2733,80.2733,28.4119,0.325683,3.40894,32.1899
802276863,459,962313,145593,9,4,26,80,26.09,81.0133,24.1911,0.254227,4.34997,28.8381
802276863,460,673787,123508,9,3,26,80,26.14,80.6333,20.2682,0.289917,4.46882,25.0754
802276863,461,641420,61255.5,9,5,27,82,26.2,80.81,16.0166,0.307155,4.49649,20.87
802276863,462,1.04222e+06,136126,9,7,26,81,26.2067,80.2467,23.0036,0.314926,4.27854,27.6557
802276863,463,1.0424e+06,120590,9,6,27,83,26.2167,80.3833,21.9726,0.377568,4.59388,27.0046
802276863,464,1.042e+06,171788,9,8,27,82,26.3,80.9967,23.4383,0.375534,4.65729,28.5384
802276863,465,1.00171e+06,64808.6,9,12,27,79,26.2367,81.2367,16.2585,0.392353,4.72764,21.4398
802276863,466,641545,48561.3,9,13,26,82,26.2467,81.4833,14.1187,0.315702,3.59256,18.0628
802276863,467,673652,67435.4,9,16,26,80,26.0933,81.72,16.5964,0.400574,3.40405,20.4434
802276863,468,811580,84877.4,9,10,26,81,26.04,82.26,19.1185,0.370797,4.23999,23.7718
802276863,469,775927,79767.7,9,8,26,82,26.07,82.83,17.4002,0.304882,4.61305,22.3622
802276863,470,923333,117994,9,10,26,82,26.14,82.7767,20.5409,0.360369,4.55553,25.5088
802276863,471,811803,100596,9,12,26,80,26.11,83,22.5668,0.447621,4.0761,27.1514
802276863,472,707131,80400,9,14,26,84,26.0733,83.2267,20.4289,0.470576,4.26103,25.2237
802276863,473,1.04233e+06,180338,9,17,26,84,26.14,83.54,24.0642,0.543935,3.98439,28.6541
802276863,474,1.30154e+06,91102,9,13,26,82,26.1233,83.5633,21.9978,0.431521,4.61171,27.0958
802276863,475,775959,40848.6,9,9,26,83,26.6467,84.4,14.7316,0.327465,2.55273,17.6565
802276863,476,811773,162686,9,6,26,83,26.0467,83.2767,25.3102,0.445226,4.45612,30.2682
802276863,477,1.08343e+06,181225,9,7,26,83,26.2367,84.1767,23.2707,0.294422,4.61552,28.2363
802276863,478,885093,130997,9,8,26,83,26.1033,84.66,23.636,0.379425,4.8243,28.8946
802276863,479,811577,123011,9,7,26,86,26.1267,84.29,21.2584,1.41179,4.48143,27.2185
802276863,480,1.08342e+06,151670,9,6,27,87,26.22,84.6067,26.7817,0.337099,4.72382,31.9217
802276863,481,885311,123748,9,5,26,83,26.1467,84.6067,21.171,0.39194,4.75155,26.3904
802276863,482,811737,64273,9,11,27,82,26.3533,84.9367,17.5795,0.361909,4.627,22.6256
802276863,483,848181,150498,9,8,26,82,26.2233,84.24,23.3153,0.410465,4.08041,27.8695
802276863,484,923403,65679.6,9,5,26,85,26.2633,84.52,19.542,0.288202,4.6831,24.563
802276863,485,741505,60641.7,9,7,27,85,26.23,84.47,18.3454,0.351061,4.58153,23.3307
802276863,486,848055,59071.8,9,9,27,86,26.2667,84.2433,17.5806,0.339677,4.34591,22.3164
802276863,487,848372,54738.2,9,10,26,87,26.35,84.5333,16.9417,0.331367,4.48083,21.7984
802276863,488,1.04204e+06,193450,9,10,26,85,26.2067,84.5333,23.4124,0.367118,2.88879,26.7217
802276863,489,885270,159850,9,7,26,86,26.6367,83.87,24.0914,0.48835,4.67972,29.3214
802276863,490,811166,127786,9,8,26,84,26.3067,84.52,19.3024,0.341767,4.45811,24.1616
802276863,491,673612,89778.9,9,8,27,84,26.4033,84.44,17.4679,0.368733,4.64934,22.5319
802276863,492,962091,106161,9,7,26,82,26.27,84.5333,18.0065,0.377914,4.68612,23.1228
802276863,493,1.44186e+06,123759,9,6,26,86,26.3033,84.97,20.2799,0.288257,4.55633,25.1808
802276863,494,1.00176e+06,104655,9,5,26,85,26.2267,85.4733,18.2716,0.315465,4.73454,23.3743
802276863,495,706962,69965.8,9,7,26,83,26.2633,85.0133,16.1356,0.297076,4.59995,21.0765
802276863,496,1.00162e+06,87222.6,9,5,26,86,26.1733,85.08,18.0051,0.304123,4.5291,22.8847
802276863,497,1.00184e+06,90271.5,9,4,26,86,26.17,85.84,18.9544,0.334177,4.12075,23.4738
802276863,498,885124,46266.3,9,6,26,83,26.4133,85.5467,15.3028,0.282748,4.6876,20.3199
802276863,499,1.12554e+06,92094.9,9,8,26,84,26.1567,85.0167,21.2251,0.34547,4.32834,25.9567
802276863,500,923323,56369.7,9,11,26,83,26.3,85.45,14.5445,0.360036,4.19941,19.1585
802276863,501,1.0834e+06,83276.3,9,8,26,83,26.4,85.98,20.375,0.382685,4.59961,25.4138
802276863,502,1.08343e+06,104002,9,4,26,84,26.3467,85.71,20.0299,0.36686,4.89671,25.3494
802276863,503,962288,143940,9,6,26,84,26.3733,85.5,19.7956,0.251141,4.75555,24.8462
802276863,504,707060,107225,9,8,26,82,26.4233,85.9967,19.9056,0.394009,2.69076,23.0513
802276863,505,1.08367e+06,174185,9,7,26,85,26.0967,84.59,24.8969,0.326656,4.61786,29.889
802276863,506,1.08355e+06,208900,9,7,26,82,26.0233,83.7967,34.1288,0.3093,4.81333,39.3134
802276863,507,962355,187242,9,2,26,83,26.04,83.97,29.6129,0.284114,4.67255,34.6259
802276863,508,923075,155413,9,2,26,85,26.0633,84.17,23.4711,0.270401,3.54974,27.3455
802276863,509,923250,194403,9,3,26,84,26.1,85.6433,24.5339,0.317514,4.53639,29.4516
802276863,510,1.16841e+06,145743,9,2,26,83,26.1167,86.5533,25.3426,0.281273,4.72791,30.4143
802276863,511,1.04232e+06,125939,9,3,26,82,26.12,86.7467,21.1587,0.297026,4.89497,26.4118
802276863,512,1.49077e+06,145186,9,3,26,84,26.0967,87.0633,24.3198,0.289869,4.70635,29.3693
802276863,513,1.12558e+06,115187,9,5,26,88,26.12,86.8567,25.2293,0.325283,3.58161,29.1952
802276863,514,1.08345e+06,103766,9,7,26,88,26.1467,86.38,21.4855,0.398808,4.75116,26.6967
802276863,515,1.34792e+06,86609.4,9,7,26,80,26.0533,84.1467,18.9958,0.358218,4.77926,24.1926
802276863,516,885848,112839,9,7,26,80,26.1733,83.8567,20.0168,0.390122,3.61827,24.0904
802276863,517,1.04206e+06,159299,9,11,27,85,26.5567,84.66,23.6095,0.356362,4.80187,28.8239
802276863,518,848058,127579,9,11,27,85,26.9133,85.6933,27.4405,0.454557,4.90926,32.8707
802276863,519,1.08369e+06,174070,9,8,27,87,26.96,86.1133,29.7106,0.381914,4.89343,35.0537
802276863,520,1.12552e+06,99209.4,9,7,27,86,27.01,86.13,19.3105,0.343484,5.18241,24.9069
802276863,521,962091,134799,9,6,27,92,27.0067,88.4033,24.26,0.409067,4.83456,29.5699
802276863,522,885126,61870.1,9,6,27,92,27.0233,88.6833,15.994,0.343655,4.72032,21.1308
802276863,523,811838,90790.9,9,5,27,89,27.1133,88.1333,22.4616,0.238456,4.9648,27.7236
802276863,524,1.12556e+06,90800.8,9,6,27,94,27.1,87.7,21.0042,0.349796,4.93265,26.3456
802276863,525,923437,135089,9,11,27,93,27.0567,88.4633,25.0447,0.421398,3.23774,28.7669
802276863,526,1.16855e+06,46480.8,9,8,27,86,27.0633,86.57,18.5928,0.359187,4.75666,23.7579
802276863,527,776031,124171,9,9,27,86,27.07,86.4033,21.8204,0.387069,4.27381,26.5424
802276863,528,549093,102151,9,9,27,88,27.0967,88.2233,21.5734,0.393404,4.85944,26.8781
802276863,529,1.08428e+06,93481.7,9,9,27,85,27.0667,89.3167,20.1064,0.383527,3.89687,24.4378
802276863,530,962212,228301,400,10,27,84,27.03,87.8667,27.824,0.37954,3.32201,31.5821
802276863,531,1.08349e+06,158100,9,9,27,89,27.0333,85.7167,23.0122,0.390969,4.72127,28.1804
802276863,532,674095,103560,9,5,27,85,27.03,86.2633,19.6831,0.20174,4.97876,24.9106
802276863,533,962145,139505,9,7,27,90,27.0233,88.1133,24.9551,0.419443,5.05223,30.5012
802276863,534,885256,97822.2,9,6,27,85,27.01,88.7533,22.5821,0.42282,4.39225,27.4701
802276863,535,610233,129061,9,7,27,92,27.0233,88.93,27.3474,0.361971,4.94381,32.7136
802276863,536,1.25646e+06,113251,9,8,27,92,27.0433,88.8967,23.3713,0.255363,4.94857,28.6283
802276863,537,885432,133174,9,6,27,89,27.0633,89.86,22.9371,0.29492,3.36522,26.6499
802276863,538,885331,170885,9,7,27,88,27.0533,89.0533,24.6846,0.393308,4.05016,29.1856
802276863,539,962290,127250,9,5,27,88,27.0733,91.1867,24.3793,0.28858,3.79559,28.5156
802276863,540,1.08338e+06,165391,9,3,27,90,27.4033,91.3933,22.8597,0.254217,4.90025,28.0607
802276863,541,1.08327e+06,204248,9,3,27,90,27.5767,92.72,26.5798,0.28822,4.87001,31.7975
802276863,542,811712,112551,9,2,27,90,27.46,92.1233,22.9555,0.33653,4.87181,28.2277
802276863,543,673973,162202,9,3,28,92,27.76,93.4033,23.7042,0.325478,5.17321,29.2651
802276863,544,923142,122000,9,2,28,91,27.7133,93.02,21.438,0.210171,4.93123,26.6408
802276863,545,884951,119902,9,4,28,92,27.6767,92.68,22.891,0.334343,5.05069,28.3371
802276863,546,1.0423e+06,88738.8,9,4,27,91,27.8133,93.02,22.7005,0.31993,5.05308,28.1217
802276863,547,1.00154e+06,144295,9,5,28,91,27.7767,92.6033,23.3584,0.322376,4.95888,28.7004
802276863,548,1.00173e+06,85274.8,9,6,28,91,27.96,93.2967,20.03,0.372429,5.12359,25.5892
802276863,549,1.00167e+06,67542.1,9,7,28,95,28.01,93.3133,18.0958,0.32345,4.97461,23.4529
802276863,550,885236,82693.5,9,7,28,94,28.0933,94.04,18.7157,0.373885,4.97434,24.1163
802276863,551,923372,76013,9,8,28,96,28.03,93.8833,19.1548,0.361412,4.99256,24.5631
802276863,552,673728,53043.3,9,12,29,96,28.0933,93.6,17.2844,0.396615,3.01573,20.7525
802276863,553,776034,111766,9,10,30,98,28.3867,94.37,24.685,0.474813,4.19871,29.4123
802276863,554,775928,89046.5,9,4,30,98,28.5067,94.5767,19.1474,0.305639,5.26691,24.7863
802276863,555,641210,113555,9,6,28,93,28.7933,94.9533,21.9546,0.414234,4.45307,26.8902
802276863,556,1.21215e+06,98124.7,9,6,30,98,29.4633,96.48,22.3295,0.351596,4.76757,27.5196
802276863,557,962118,149303,9,6,28,93,29.0967,95.7233,23.7521,0.335788,5.25544,29.3946
802276863,558,337209,46136.6,9,10,30,98,29.5167,96.7067,16.0855,0.397102,5.29294,21.8412
802276863,559,961711,112009,9,10,28,91,29.6367,97.16,19.532,0.384894,3.88854,23.8618
802276863,560,707067,100242,9,13,29,94,29.78,97.9267,21.704,0.53411,3.77405,26.0912
802276863,561,961954,189441,9,12,30,97,28.93,95.2967,28.76,0.430365,3.70929,32.9724
802276863,562,1.16822e+06,174293,9,6,30,97,29.59,95.8033,25.6,0.373539,5.21887,31.2547
802276863,563,337348,53835.7,9,6,30,98,29.6333,96.51,18.9649,0.34272,5.39685,24.7649
802276863,564,706896,55383.7,9,7,28,96,29.53,96.6967,19.5334,0.368674,5.32686,25.2912
802276863,565,885290,89979.9,9,6,28,93,29.6567,96.6833,20.9887,0.370276,5.38578,26.8019
802276863,566,885724,88665.3,9,8,28,94,29.38,96.6767,19.8898,0.366233,5.3449,25.6581
802276863,567,1.12542e+06,170185,9,6,28,94,29.5433,96.6933,23.3099,0.441854,5.43016,29.2403
802276863,568,923179,105812,9,5,28,97,29.6067,96.7167,22.1979,0.387112,5.38497,28.0249
802276863,569,707537,93929.9,9,6,28,94,29.7967,97.3867,20.8793,0.415737,5.33897,26.6934
802276863,570,1.25631e+06,77990.1,9,10,28,93,29.65,96.8867,19.5018,0.417042,3.62708,23.5948
802276863,571,847893,281893,9,7,28,93,28.6867,95.4267,30.0532,0.397741,4.84837,35.3529
802276863,572,1.00174e+06,120552,9,11,28,96,28.9167,95.7233,22.9781,0.373198,5.04807,28.4548
802276863,573,923312,96880.4,9,13,28,95,28.9533,95.5967,24.1905,0.505503,4.21251,28.9702
802276863,574,776029,122594,9,12,28,94,28.86,95.39,25.233,0.518426,5.01159,30.8334
802276863,575,741132,92954.3,9,9,28,93,28.94,94.8567,21.1549,0.449133,4.97929,26.6519
802276863,576,1.12598e+06,80315.7,9,10,28,95,28.36,94.8967,23.6546,0.508541,5.18996,29.4208
802276863,577,1.21222e+06,162892,9,9,28,93,28.1467,94.52,28.0465,0.502669,5.37971,33.9997
802276863,578,848011,93659.8,9,8,28,94,28.2,94.99,20.9294,0.394365,5.17771,26.568
802276863,579,1.04204e+06,181415,9,11,28,96,28.1633,94.2567,24.428,0.457971,3.27597,28.2259
802276863,580,923325,186211,9,6,28,95,28.7967,93.6367,28.0493,0.430064,3.69737,32.2452
802276863,581,885112,84494.5,9,6,29,95,28.4367,92.9967,22.4113,0.363523,5.34534,28.1845
802276863,582,1.00193e+06,117946,9,7,28,94,28.3567,94.4033,24.556,0.332114,5.0405,29.9916
802276863,583,812072,52518.5,9,6,28,98,28.5733,94.9533,15.5027,0.356495,5.16557,21.0904
802276863,584,740971,106147,9,5,29,97,28.6267,95.2267,21.9706,0.38736,3.22235,25.6534
802276863,585,848177,78520,9,4,28,95,28.2167,91.9767,14.7797,0.378375,5.27396,20.4824
802276863,586,962345,121702,9,5,28,95,28.2967,94.7833,26.394,0.376714,5.29648,32.1433
802276863,587,1.30167e+06,151585,9,5,28,95,28.21,94.66,24.8085,0.202844,5.06266,30.1243
802276863,588,848123,107779,9,5,28,93,28.1767,94.2167,23.599,0.40743,5.14137,29.2168
802276863,589,1.00175e+06,106804,9,6,29,98,28.3267,94.3567,23.3541,0.394288,5.12021,28.944
802276863,590,1.08332e+06,157796,9,11,28,94,28.27,94.3833,25.5293,0.479088,4.06928,30.1491
802276863,591,1.12546e+06,121185,9,10,28,95,28.19,94.5433,23.5653,0.423682,5.26736,29.3237
802276863,592,1.0422e+06,105097,9,5,28,95,28.2367,95,21.2983,0.367426,5.18051,26.9088
802276863,593,923363,151517,9,7,28,94,28.2567,95.0067,25.4705,0.347118,4.82101,30.6925
802276863,594,1.00157e+06,119462,9,6,28,96,28.28,95.0767,20.1501,0.449529,5.2679,25.9424
802276863,595,1.25634e+06,124024,9,5,28,96,28.2267,95.1533,20.5972,0.354845,4.97999,25.9896
802276863,596,1.04226e+06,112479,9,5,28,95,28.5333,94.6867,21.9273,0.387649,5.23738,27.6107
802276863,597,1.00189e+06,105920,9,7,29,96,28.56,94.56,22.6344,0.42148,5.31865,28.4549
802276863,598,741131,123207,9,8,28,95,28.4533,94.2333,20.8589,0.447273,5.40978,26.7848
802276863,599,1.0016e+06,115959,9,8,28,95,28.58,94.5767,20.6535,0.459744,4.64585,25.8385
802276863,600,962253,60162.3,9,9,28,94,29.23,95.1367,18.7833,0.390773,4.73947,23.9701
802276863,601,962290,106974,9,8,28,96,28.41,94.4233,22.72,0.39271,5.04629,28.2155
802276863,602,1.21188e+06,104729,9,10,29,95,28.32,93.9267,22.1103,0.416364,5.02173,27.6163
802276863,603,1.00188e+06,82878.6,9,9,28,92,28.4133,93.9233,20.419,0.426181,3.78038,24.6791
802276863,604,923455,98810.5,9,12,31,101,28.29,94.4233,21.8252,0.440421,5.19595,27.5208
802276863,605,962073,53525.1,9,9,28,96,28.22,94.4267,19.8703,0.335037,5.27528,25.5425
802276863,606,885558,129094,9,6,28,95,28.1133,95.3033,29.3805,0.696116,5.2789,35.4473
802276863,607,1.16855e+06,85172.3,9,9,28,97,28.3467,94.8967,23.5427,0.481607,4.95931,29.0529
802276863,608,1.12581e+06,139941,9,9,28,96,28.2467,95.7733,24.3886,0.354754,3.25387,28.0593
802276863,609,1.0424e+06,201268,9,7,28,96,28.16,96.25,28.5376,0.468767,4.77683,33.8425
802276863,610,1.08344e+06,156545,9,7,28,96,28.5633,97.5767,26.5769,0.403259,5.2754,32.3228
802276863,611,848248,93161.3,9,8,28,97,28.7067,98.0233,23.171,0.381235,5.25285,28.8697
802276863,612,1.08399e+06,122539,9,9,29,99,29.1533,99.1967,22.6473,0.42049,5.43719,28.5614
802276863,613,962043,65902,9,8,28,97,28.9967,98.4567,19.6767,0.51858,4.98272,25.2535
802276863,614,962075,80222.2,9,9,28,99,28.9733,98.2167,21.2727,0.421808,5.27258,27.0361
802276863,615,741261,113972,9,10,32,106,29.2367,98.7467,24.6925,0.487631,3.51317,28.773
802276863,616,741329,121924,9,11,30,99,28.9733,98.1267,25.6783,0.545018,4.66877,30.9564
802276863,617,1.08372e+06,117511,9,8,30,100,29.6867,99.2967,27.1771,0.440603,5.23279,32.9192
802276863,618,1.08328e+06,164127,9,6,32,106,29.1633,98.6133,24.3175,0.476144,5.3804,30.2397
802276863,619,706817,162045,9,5,28,98,29.2133,99.0233,27.302,0.35649,5.53843,33.2892
802276863,620,1.21226e+06,168541,9,7,28,97,29.3567,99.2933,27.142,0.43066,3.38907,31.028
802276863,621,673774,162610,9,5,31,105,28.5933,99.39,24.99,0.448951,5.51055,31.0131
802276863,622,811721,112201,9,6,31,104,28.9133,99.6667,23.115,0.387229,5.49882,29.075
802276863,623,923218,144422,9,5,28,100,29.7067,100.977,25.7571,0.480814,5.6717,31.9991
802276863,624,1.16835e+06,152811,9,9,33,107,30.0233,101.677,22.5119,0.467012,5.42923,28.4841
802276863,625,491068,59619.9,9,9,29,101,30.3067,102.24,19.2611,0.49687,5.42957,25.2623
802276863,626,1.39438e+06,117914,9,9,28,101,30.0033,101.343,26.0414,0.489349,5.40433,32.0192
802276863,627,962155,97435.4,9,9,30,99,29.56,99.9433,21.7837,0.481439,5.45125,27.7807
802276863,628,962244,191635,9,13,29,102,29.5567,99.9633,27.2871,0.510618,5.50465,33.3715
802276863,629,1.0423e+06,142030,9,11,29,102,29.9867,101.49,25.9004,0.527532,5.34387,31.8481
802276863,630,1.00201e+06,138536,9,8,30,101,29.82,100.573,27.7984,0.537143,5.45416,33.8686
802276863,631,776680,106419,9,11,31,103,30.0733,101.017,21.038,0.560445,5.36264,27.0409
802276863,632,1.12544e+06,146018,9,7,29,104,29.35,101.1,25.8811,0.454343,5.64326,32.0502
802276863,633,962312,98600.7,9,12,32,104,29.68,100.637,21.7619,0.495008,3.18833,25.5144
802276863,634,1.04215e+06,177926,9,10,29,98,31.1433,102.69,31.3775,0.556104,5.10609,37.1181
802276863,635,962230,191351,9,8,32,104,30.4133,102.093,30.5038,0.415663,4.64983,35.639
802276863,636,1.00212e+06,124920,9,7,32,105,30.14,102.333,26.4807,0.457657,5.54353,32.5434
802276863,637,775692,152112,9,6,29,102,30.4067,103.203,25.351,0.472114,4.87762,30.7789
802276863,638,1.08342e+06,157908,9,7,31,101,30.24,102.85,24.6038,0.532432,5.01932,30.232
802276863,639,923189,138912,9,5,29,102,30.16,103.177,24.4502,0.322144,5.94038,30.7899
802276863,640,707392,102154,9,6,29,102,30.61,104.183,24.2997,0.411148,5.51727,30.2964
802276863,641,1.30177e+06,128636,9,4,30,98,30.8,104.12,25.996,0.461729,5.70186,32.2415
802276863,642,885167,86027.6,9,8,32,106,31.1233,103.713,21.5349,0.425882,5.74037,27.7782
802276863,643,741028,92749.4,9,7,32,104,31.0767,104.107,22.3869,0.474685,5.79835,28.7351
802276863,644,885151,110868,9,13,31,106,31.2867,104.553,22.7064,0.486286,4.29797,27.5602
802276863,645,1.12543e+06,155129,9,11,32,105,31.4133,104.35,26.2599,0.49984,5.97669,32.8055
802276863,646,1.25643e+06,156026,9,11,32,105,31.83,105.8,28.1087,0.474587,5.84146,34.4988
802276863,647,1.04205e+06,162824,9,2,32,103,31.9,106.223,25.8597,0.46655,6.10204,32.505
802276863,648,1.16828e+06,194896,9,2,32,103,32.04,106.103,29.3008,0.246172,5.92994,35.5396
802276863,649,923456,192361,9,4,32,106,32.06,106.22,32.4097,0.430796,5.99043,38.9072
802276863,650,1.16832e+06,137238,9,4,32,106,32.04,106.003,27.3379,0.384552,6.084,33.8675
802276863,651,885506,118798,9,5,32,105,32.0533,106.36,26.5011,0.391345,5.88225,32.8461
802276863,652,923587,165218,9,5,32,104,32.05,106.803,26.5816,0.429177,4.6649,31.7637
802276863,653,923474,114995,9,5,32,103,32.0767,105.63,28.2799,0.41548,5.87715,34.6495
802276863,654,962127,133924,9,5,32,109,32.1367,106.707,24.4002,0.369349,6.08532,30.9313
802276863,655,673873,132783,9,4,32,109,32.1,107.103,28.7092,0.394436,6.1789,35.3602
802276863,656,1.08364e+06,154111,9,5,32,107,32.21,107.52,29.162,0.433685,4.35766,34.0333
802276863,657,923494,81385.6,9,6,32,105,32.0233,107.35,27.1537,0.357402,5.99366,33.5779
802276863,658,923253,75574.3,9,3,32,106,32.04,107.553,22.2264,0.374681,5.97877,28.6553
802276863,659,707247,52275.3,9,5,32,106,32.0367,107.733,20.2397,0.360687,4.31071,24.971
802276863,660,923361,112110,9,5,32,106,32.0533,108.53,24.7778,0.419951,6.24499,31.5178
802276863,661,1.25648e+06,149274,9,5,32,110,32.06,108.773,24.314,0.401338,6.06323,30.8549
802276863,662,847865,123340,9,3,33,113,32.0233,108.83,24.0046,0.470045,3.06946,27.6358
802276863,663,848214,179785,9,3,32,105,32.0467,106.113,35.8105,0.388421,5.72852,41.9993
802276863,664,885402,105369,9,4,32,105,32.05,107.25,24.6914,0.319033,4.09289,29.1857
802276863,665,1.04245e+06,174868,9,2,32,106,32.0633,108.64,25.9548,0.302554,5.91771,32.2537
802276863,666,578748,99710.8,9,4,32,107,32.0633,109.347,20.2914,0.287768,5.81476,26.4606
802276863,667,1.00192e+06,172556,9,3,32,106,32.1667,108.533,34.0649,0.383305,6.02338,40.5387
802276863,668,923542,61057.9,9,3,32,110,32.1833,107.897,24.442,0.42312,5.81719,30.7608
802276863,669,848382,43330.1,9,4,33,108,32.2867,108.92,20.0306,0.457293,6.72111,27.3083
802276863,670,741229,81943,9,4,32,106,32.2633,109.463,24.1899,0.462583,6.12512,30.8598
802276863,671,1.25679e+06,117857,9,4,32,105,32.3967,109.537,23.082,0.451316,6.05895,29.6735
802276863,672,962221,84188.6,9,5,33,112,32.42,109.667,23.0469,0.398487,5.94869,29.4593
802276863,673,1.21178e+06,88794.2,9,7,33,110,32.4267,109.443,22.0775,0.364557,5.86154,28.3605
802276863,674,1.21222e+06,70979.4,9,7,32,112,32.4,109.57,19.7357,0.47113,5.89697,26.1953
802276863,675,1.12551e+06,46996.1,9,10,32,110,32.3067,109.387,18.0075,0.45589,5.98794,24.5201
802276863,676,923249,104013,9,11,32,111,32.2733,109.36,24.6189,0.441179,5.40458,30.5245
802276863,677,1.04243e+06,89714.7,9,8,32,109,32.3233,107.49,25.1325,0.46361,3.41812,29.0894
802276863,678,885475,96311,9,10,32,108,32.1133,107.213,22.7148,0.521902,5.81938,29.1314
802276863,679,1.30176e+06,137602,9,6,32,108,32.2133,108.457,23.6321,0.436483,5.93369,30.081
802276863,680,1.00169e+06,132033,9,4,32,109,32.2267,108.953,23.3564,0.41088,5.82759,29.6526
802276863,681,1.0421e+06,146828,9,4,32,109,32.2867,108.883,23.9285,0.319155,6.20205,30.5216
802276863,682,1.25658e+06,104034,9,5,32,109,32.1733,109.36,22.1437,0.412356,6.08035,28.7142
802276863,683,1.04213e+06,101377,9,6,32,111,32.26,109.317,20.9715,0.518093,7.28855,28.8592
802276863,684,673864,49687.4,9,4,32,110,32.4133,109.303,19.3047,0.438784,6.62836,26.4366
802276863,685,962070,152926,9,5,32,109,32.44,108.98,26.9054,0.505958,6.77372,34.2753
802276863,686,923497,115210,9,6,32,109,32.4367,109.663,23.7547,0.487594,6.08417,30.408
802276863,687,811659,109008,9,6,32,105,32.3333,109.11,25.9905,0.483673,5.83939,32.3965
802276863,688,1.12571e+06,86543.2,9,7,33,111,32.4833,109.117,24.4997,0.433807,5.99059,30.987
802276863,689,811700,114784,9,10,32,109,32.23,108.363,25.4346,0.500134,6.00614,32.0205
802276863,690,1.00204e+06,113889,9,9,32,108,32.15,108.463,25.2403,0.515377,7.37169,33.2147
802276863,691,1.2119e+06,115102,9,8,32,111,32.3833,108.423,43.29,0.865261,7.18062,51.455
802276863,692,923260,177739,9,4,33,110,32.4933,108.347,27.1746,0.333793,6.71446,34.3094
802276863,693,1.04267e+06,90444.2,9,4,32,106,32.5233,108.333,24.0469,0.658197,7.1319,31.9229
802276863,694,1.08356e+06,119234,9,3,33,105,32.39,108.013,28.3167,0.459161,5.96664,34.8257
802276863,695,1.12541e+06,132698,9,2,33,107,33.03,107.907,20.6635,0.197297,6.55617,27.4861
802276863,696,1.16816e+06,151747,9,3,33,110,33.0367,108.39,26.561,0.311132,5.05678,31.9968
802276863,697,1.30164e+06,60484.8,9,4,33,107,33.04,107.993,21.5119,0.331265,6.31108,28.2147
802276863,698,1.00159e+06,133771,9,6,33,109,33.03,108.15,22.6842,0.338177,6.01647,29.1187
802276863,699,847811,144877,9,5,33,108,33.0633,107.847,23.1871,0.348382,5.79774,29.4027
802276863,700,1.34784e+06,94651.6,9,7,33,107,33.1267,107.68,19.5779,0.367165,7.0529,27.0678
802276863,701,1.00182e+06,115535,9,7,33,107,33.11,107.867,25.0793,0.427351,6.08668,31.6795
802276863,702,811885,43723.5,9,6,33,111,33.3833,108.477,20.9295,0.44985,5.87658,27.3416
802276863,703,962106,94878.2,9,9,34,109,33.44,108.47,22.5421,0.478517,5.67431,28.7703
802276863,704,811656,93621.6,9,11,33,104,33.3333,108.613,23.0108,0.441924,6.09533,29.6091
802276863,705,962134,117469,9,5,33,108,33.2433,108.68,22.6064,0.37548,5.97982,29.0263
802276863,706,1.16859e+06,104632,9,5,33,107,33.3733,109.183,24.0448,0.435873,5.96126,30.5172
802276863,707,1.00173e+06,178555,9,4,33,110,33.2,108.863,29.4243,0.253248,3.96646,33.7153
802276863,708,885140,136631,9,3,33,110,33.7033,109.503,22.7197,0.429993,5.91275,29.138
802276863,709,811516,127240,9,3,33,108,33.5867,109.377,24.0874,0.349884,2.85123,27.3718
802276863,710,962126,162970,9,4,33,109,34.7833,112.357,26.4574,0.37285,5.82222,32.7181
802276863,711,641581,161828,9,3,33,107,33.64,110.273,27.9528,0.315487,6.31462,34.667
802276863,712,1.16807e+06,168855,9,3,35,114,33.5667,109.87,24.2445,0.34362,6.11529,30.7729
802276863,713,1.30165e+06,225214,9,2,33,110,33.8867,110.69,29.3701,0.279824,6.05103,35.7763
802276863,714,1.12524e+06,254890,9,2,33,108,33.9433,110.883,29.9761,0.251424,6.2799,36.5821
802276863,715,1.08332e+06,135248,9,3,33,106,33.9233,110.633,25.4027,0.390365,6.27912,32.1487
802276863,716,1.00197e+06,120979,9,5,35,114,34.2267,111.283,22.9408,0.379682,3.01178,26.4093
802276863,717,1.16834e+06,177356,9,3,35,109,35.06,111.7,30.5323,0.244078,6.03635,36.8944
802276863,718,1.04212e+06,217457,9,2,35,113,35.0833,112.817,33.2877,0.309849,5.96025,39.6363
802276863,719,1.00194e+06,211892,9,2,35,109,35.0667,113.213,32.0246,0.293397,2.94193,35.3294
802276863,720,811779,260776,9,2,35,108,35.0467,109.95,43.9406,0.518772,6.36395,50.9105
802276863,721,1.2566e+06,181293,9,2,35,109,35.09,112.067,32.373,0.232558,8.08776,40.7703
802276863,722,641416,186717,9,2,36,114,35.0933,111.67,32.0184,0.390292,6.24243,38.7363
802276863,723,1.16868e+06,235740,9,2,35,112,35.1433,112.467,38.2121,0.258378,6.30505,44.8518
802276863,724,1.21231e+06,143312,9,2,35,111,35.19,112.787,27.3734,0.251004,6.37364,34.0708
802276863,725,1.08339e+06,166540,9,3,35,112,35.1567,112.377,27.3293,0.366621,6.17793,33.9386
802276863,726,1.04238e+06,153833,9,3,35,109,35.3167,112.8,28.9737,0.352939,6.26347,35.6593
802276863,727,923392,117173,9,2,35,111,35.3667,112.68,28.5388,0.258671,6.46895,35.3472
802276863,728,1.39486e+06,235127,9,3,36,115,35.49,112.62,37.2373,0.395434,5.58852,43.307
802276863,729,1.12571e+06,218595,9,5,36,114,35.3633,112.63,33.9777,0.506881,6.45456,41.0286
802276863,730,1.16806e+06,82117.9,9,6,35,108,35.48,113.217,22.7993,0.443103,6.44899,29.7834
802276863,731,1.39497e+06,166387,9,6,35,110,35.3867,112.33,32.9026,0.492762,5.24961,38.7231
802276863,732,1.30171e+06,198750,9,6,35,111,35.62,112.357,35.449,0.525377,5.23189,41.2958
802276863,733,1.12588e+06,154955,9,8,35,110,35.8967,112.857,32.2211,0.477502,4.84476,37.6254
802276863,734,1.16861e+06,312031,9,5,35,113,35.5033,112.997,38.3704,0.436084,6.14961,45.0392
802276863,735,923184,225584,9,5,36,112,35.5667,113.107,32.0649,0.408688,4.56074,37.1185
802276863,736,740991,220806,9,7,35,110,35.7667,113.283,30.0454,0.46121,6.11243,36.6921
802276863,737,885340,193089,9,5,35,116,35.6533,113.827,31.6088,0.358141,6.34117,38.3739
802276863,738,1.34778e+06,205049,9,7,36,112,35.9133,113.68,32.7731,0.636546,6.38436,39.8772
802276863,739,1.04248e+06,194954,9,7,37,117,35.8167,112.72,31.4044,0.490364,5.30862,37.2964
802276863,740,707440,159726,9,6,35,110,35.8333,113.303,31.0221,0.454823,6.29044,37.8352
802276863,741,1.04227e+06,298067,9,6,37,119,35.85,114.133,37.4968,0.399458,4.92798,42.8946
802276863,742,1.08349e+06,209586,9,5,35,114,35.7033,114.823,31.4954,0.526952,9.50121,41.5936
802276863,743,1.0833e+06,235107,9,1,37,118,35.4967,114.437,34.9563,0.35363,6.85157,42.2675
802276863,744,1.00191e+06,119452,9,1,37,118,37.1567,119.24,26.9679,0.206797,7.29092,34.553
802276863,745,962360,140079,9,2,37,120,37.2,119.32,30.4504,0.39128,6.55778,37.4841
802276863,746,1.00163e+06,182658,9,1,37,118,37.21,119.27,33.9728,0.289768,8.65682,43.0226
802276863,747,1.00185e+06,167012,9,1,37,117,37.23,119.07,31.6497,0.254143,6.33341,38.3327
802276863,748,1.00149e+06,160720,9,2,37,120,37.2267,118.89,27.8647,0.455559,7.70167,36.1169
802276863,749,1.16841e+06,147921,9,1,37,117,37.2733,118.667,30.2559,0.276623,8.8142,39.4398
802276863,750,1.25638e+06,144411,9,2,37,118,37.31,118.757,25.5251,0.294387,6.44084,32.328
802276863,751,741296,108250,9,2,37,118,37.3633,118.553,25.1938,0.197606,6.48605,31.9372
802276863,752,740970,168123,9,3,38,121,37.51,118.743,29.9916,0.326238,6.33905,36.7188
802276863,753,1.08349e+06,133403,9,1,38,120,37.5533,118.96,25.1015,0.208532,6.5077,31.8875
802276863,754,674087,79493.7,9,5,37,117,37.46,118.433,25.2812,0.329237,6.32405,31.9945
802276863,755,1.21187e+06,112501,9,5,38,121,37.2867,117.497,24.9726,0.358317,6.41859,31.8122
802276863,756,885233,82996,9,7,38,121,37.4467,117.697,22.5874,0.404089,6.29846,29.366
802276863,757,1.25638e+06,122256,9,7,37,113,37.4367,117.86,25.1479,0.396723,6.39312,32.0049
802276863,758,1.04245e+06,108756,9,8,37,117,37.33,117.23,26.2453,0.39684,3.51695,30.2193
802276863,759,1.00224e+06,149772,9,7,38,119,37.8367,118.53,30.0575,0.463011,6.48946,37.0668
802276863,760,923589,220273,9,2,37,118,37.9833,119.897,32.5934,0.225468,5.05603,37.9655
802276863,761,1.08386e+06,167335,9,2,38,123,37.6133,119.457,30.147,0.350812,6.38301,36.9459
802276863,762,1.00187e+06,188967,9,2,38,119,37.8633,120.233,31.2807,0.211855,6.63534,38.1931
802276863,763,1.08357e+06,210088,9,2,38,119,37.9467,120.363,33.1851,0.204899,6.46454,39.9128
802276863,764,1.08369e+06,160422,9,2,38,121,37.8667,120.54,31.0064,0.234787,6.66701,37.9776
802276863,765,811720,92168.6,9,2,38,120,37.93,120.523,25.1064,0.23041,6.63397,32.0398
802276863,766,1.12556e+06,129047,9,2,39,122,37.7467,120.477,25.0808,0.218383,6.61394,31.9776
802276863,767,1.30177e+06,139140,9,2,39,123,37.68,120.207,25.8375,0.231255,6.58753,32.7231
802276863,768,1.25665e+06,138306,9,5,37,117,37.7367,120.027,29.7214,0.400549,6.58282,36.7706
802276863,769,885567,155858,9,7,38,121,37.9267,120.207,29.1914,0.4374,6.60344,36.3083
802276863,770,1.12559e+06,145948,9,10,38,118,37.56,119.497,27.1944,0.429686,6.70079,34.3937
802276863,771,962005,144451,9,6,38,118,37.5367,119.47,27.6251,0.439338,6.43513,34.5686
802276863,772,1.302e+06,228057,9,7,39,125,38.0067,119.66,38.5768,0.465358,5.03476,44.1455
802276863,773,811580,142644,9,6,37,121,37.37,120.103,24.1452,0.407511,6.64676,31.2647
802276863,774,673894,82979.1,9,8,38,116,37.7233,120.357,23.4788,0.602945,6.89545,31.0605
802276863,775,1.21246e+06,104970,9,7,38,120,38.0267,120.413,27.4782,0.496852,5.35873,33.4361
802276863,776,775968,78387.6,9,6,39,124,38.6333,121.163,20.8875,0.417747,4.3265,25.6955
802276863,777,886097,139633,9,5,38,121,37.4,119.887,29.0147,0.439334,6.43624,35.9637
802276863,778,1.16822e+06,120098,9,6,39,124,37.73,120.41,25.5983,0.36205,6.7458,32.8168
802276863,779,707004,53890.5,9,6,37,120,37.8433,120.7,19.7098,0.453436,5.33844,25.5615
802276863,780,578977,76787.8,9,3,39,123,37.8933,120.637,27.4277,0.331946,6.74033,34.5618
802276863,781,776230,59454.5,9,4,39,118,37.8133,121.06,21.2567,0.359926,6.58726,28.2639
802276863,782,923303,139866,9,7,38,121,37.6067,120.803,28.992,0.49777,6.79129,36.3514
802276863,783,741273,67127.4,9,5,39,119,38.2467,120.973,22.6029,0.479182,6.81677,29.9625
802276863,784,1.25625e+06,106538,9,8,37,116,38.0567,120.92,23.2342,0.430103,6.52656,30.2543
802276863,785,776007,85243.5,9,7,39,117,38.1367,120.947,22.5521,0.515646,6.75238,29.8868
802276863,786,847893,80901.4,9,11,37,119,38.3433,120.897,21.4822,0.493032,6.87335,28.9142
802276863,787,885230,55561.8,9,8,40,120,38.5633,121.057,20.568,0.461726,6.82965,27.9258
802276863,788,811780,49174.8,9,8,40,122,39.0833,121.873,21.5534,0.356106,6.57314,28.5531
802276863,789,775925,51976.7,9,9,39,122,39.2233,122.463,19.0025,0.473181,6.9276,26.4714
802276863,790,775913,43655.1,9,10,39,117,38.6033,121.23,18.6374,0.523887,7.06731,26.3091
802276863,791,641299,38985.3,9,9,39,118,39.43,122.867,18.2355,0.539132,6.89581,25.7568
802276863,792,923226,74901.7,9,9,37,116,39.2433,122.4,16.7615,0.48511,3.73656,21.0548
802276863,793,706990,59030.7,9,11,41,125,39.2533,120.553,15.8381,0.550607,6.99574,23.4505
802276863,794,1.08352e+06,51545.1,9,6,39,118,39.6667,122.547,19.2499,0.490932,6.54103,26.358
802276863,795,1.04208e+06,87320.7,9,5,39,117,39.76,122.803,23.0401,0.413152,7.39661,30.9162
802276863,796,885383,56783.7,9,5,40,124,39.9033,125.02,18.2376,0.546224,7.29714,26.1629
802276863,797,673802,72140.8,9,6,40,124,39.8833,124.423,19.6533,0.442932,7.27172,27.4395
802276863,798,1.04214e+06,103233,9,8,39,118,39.9567,125.207,24.3564,0.427972,6.02238,30.8756
802276863,799,741291,98882.4,9,4,39,120,39.71,123.383,24.5174,0.429362,6.9647,31.9839
802276863,800,1.39476e+06,94886.4,9,7,39,122,39.85,124.637,27.2464,0.445077,4.29558,32.0659
802276863,801,1.16839e+06,248488,9,4,39,120,39.2867,121.297,33.627,0.418695,6.40679,40.5223
802276863,802,1.04233e+06,248639,9,2,39,122,39.0633,121.26,31.4942,0.274755,6.89401,38.7306
802276863,803,962152,165131,9,1,39,123,39.08,121.62,25.2117,0.216967,6.87298,32.3629
802276863,804,1.30179e+06,143801,9,1,39,121,39.0733,122.14,27.0417,0.227442,6.89932,34.2369
802276863,805,1.0837e+06,208058,9,1,40,123,39.09,122.24,32.2093,0.217489,6.83096,39.3256
802276863,806,1.04245e+06,156020,9,1,39,122,39.2167,122.347,26.2869,0.254612,6.95604,33.5669
802276863,807,1.54003e+06,158975,9,1,39,123,39.08,122.267,28.7505,0.293051,6.77734,35.9136
802276863,808,1.00216e+06,129681,9,1,39,123,39.1233,122.237,28.564,0.243212,6.72262,35.6084
802276863,809,1.21234e+06,163393,9,1,40,125,39.1333,122.573,27.023,0.209632,7.27864,34.5824
802276863,810,1.08351e+06,212140,9,2,39,121,39.3067,122.457,33.5256,0.358204,7.05178,41.0107
802276863,811,1.25653e+06,224309,9,3,39,119,39.29,122.09,33.9036,0.359162,6.90366,41.2361
802276863,812,1.04236e+06,120355,9,4,39,121,39.39,122.59,28.8749,0.39196,6.84191,36.18
802276863,813,1.16842e+06,119643,9,4,40,125,39.4967,122.127,23.8747,0.357751,7.11364,31.4154
802276863,814,1.16831e+06,126294,9,6,39,121,39.5733,121.943,25.2885,0.352033,6.14799,31.8539
802276863,815,961846,64461.1,9,7,40,123,39.6767,121.75,21.441,0.402562,5.55695,27.4657
802276863,816,1.08361e+06,58745.6,9,9,40,122,39.7833,121.9,24.7815,0.420641,7.188,32.4578
802276863,817,741071,50146.9,9,10,40,123,39.87,122.18,20.5942,0.440529,7.21411,28.3151
802276863,818,1.12521e+06,112957,9,9,39,123,39.5233,122.49,22.1511,0.489421,5.62083,28.3286
802276863,819,885479,203103,9,6,40,125,39.3667,122.767,30.9229,0.358551,6.00826,37.3542
802276863,820,740989,72645.1,9,5,40,120,39.2867,123.317,21.8852,0.365221,7.25629,29.5701
802276863,821,885464,96486.1,9,3,39,123,39.2633,123.753,25.0507,0.270726,7.25478,32.6481
802276863,822,923398,103155,9,4,39,124,39.1867,124.187,24.8038,0.37533,5.57884,30.832
802276863,823,923162,129884,9,3,39,122,39.5167,123.683,23.0603,0.421827,7.06543,30.6152
802276863,824,848049,54864.2,9,4,39,124,39.4733,124.143,21.4911,0.387279,7.43848,29.3841
802276863,825,1.3477e+06,92010.4,9,4,39,121,39.5567,124.037,22.6115,0.192692,7.36935,30.24
802276863,826,1.0834e+06,75172.4,9,3,39,125,39.6067,124.463,24.5016,0.517867,9.86908,34.9869
802276863,827,848188,132197,9,4,39,125,39.2367,125.28,28.0532,0.452067,7.22123,35.7955
802276863,828,1.4422e+06,194521,9,3,39,126,39.2633,125.543,32.3795,0.426554,7.43052,40.3047
802276863,829,962042,165356,9,6,39,125,39.37,125.42,28.9059,0.454464,7.24087,36.6672
802276863,830,1.16824e+06,96750.2,9,5,39,125,39.36,125.097,24.4443,0.503358,7.20631,32.229
802276863,831,741014,168636,9,5,40,126,39.8867,125.803,26.7074,0.397815,6.6032,33.7768
802276863,832,1.00187e+06,118782,9,3,39,124,39.5833,124.483,25.1961,0.361046,7.18951,32.8124
802276863,833,1.04214e+06,205773,9,4,39,120,39.57,125.267,34.7258,0.476574,7.15283,42.4285
802276863,834,1.16874e+06,120835,9,7,39,125,39.5667,124.883,28.9173,0.487908,7.45302,36.9293
802276863,835,1.25629e+06,139371,32,4,39,124,39.55,124.647,25.47,0.337095,7.54558,33.4219
802276863,836,885251,113905,9,4,39,127,39.5133,124.657,28.4611,0.580873,7.26875,36.4018
802276863,837,1.25619e+06,114396,9,5,39,119,39.4433,123.603,29.9013,0.59749,7.25136,37.8465
802276863,838,1.16842e+06,93921.7,9,9,39,124,39.8267,125.093,23.4469,0.500538,7.23233,31.2467
802276863,839,885226,115400,9,10,39,120,39.3933,124.047,25.0114,0.594829,6.54648,32.2237
802276863,840,1.04252e+06,101178,9,11,39,123,39.7933,125.067,25.6534,0.588651,7.20929,33.5269
802276863,841,962291,108992,9,7,41,127,39.4,123.927,24.5148,0.403661,7.3241,32.3129
802276863,842,811693,128679,9,6,41,128,39.4333,123.597,28.2026,0.450953,7.3079,36.0261
802276863,843,1.21191e+06,121942,9,5,39,119,39.2833,123.033,24.4243,0.462118,4.08665,29.0429
802276863,844,1.08356e+06,247798,9,5,40,122,40.4467,122.53,38.4017,0.455726,7.18522,46.1246
802276863,845,1.21202e+06,194719,9,3,40,122,40.2633,124.037,30.2651,0.411942,7.24726,38.0022
802276863,846,1.21199e+06,161281,9,4,40,124,40.1967,124.15,27.0926,0.477628,7.34836,34.9873
802276863,847,1.30172e+06,203482,9,6,41,123,40.2267,123.687,34.4406,0.498058,7.23146,42.2443
802276863,848,1.16831e+06,170641,9,8,39,125,40.0733,123.27,27.9894,0.471474,6.70959,35.2519
802276863,849,1.12562e+06,86754.6,9,4,39,124,40.13,123.983,27.4302,0.48506,7.28583,35.2759
802276863,850,1.16822e+06,142476,9,5,41,126,39.6233,124.583,23.9529,0.496143,7.42936,31.9526
802276863,851,1.12567e+06,163935,9,6,40,124,39.96,125.51,31.0299,0.510901,7.30583,38.9479
802276863,852,1.34749e+06,208618,9,9,40,122,39.9233,123.933,28.6343,0.570023,7.46141,36.7395
802276863,853,1.34778e+06,177070,9,8,41,125,40.0067,124.457,28.8859,0.589968,7.44298,36.9917
802276863,854,1.12551e+06,143079,9,5,41,129,40.15,124.967,30.0445,0.529154,7.60831,38.2521
802276863,855,1.04211e+06,190556,9,7,41,127,40.3133,125.39,30.414,0.543053,6.94849,37.9806
802276863,856,1.00205e+06,166297,9,10,41,124,40.1333,124.827,32.1978,0.540978,5.3642,38.1772
802276863,857,1.16842e+06,139246,9,9,40,122,40.4933,122.76,27.5563,0.619792,7.54168,35.7849
802276863,858,962010,172955,9,8,42,128,40.3433,123.33,28.5789,0.52168,5.33387,34.5154
802276863,859,1.0834e+06,213676,9,8,41,127,40.4267,124.88,33.8408,0.544613,7.50693,41.9644
802276863,860,1.4422e+06,136566,9,6,39,122,40.3833,124.783,25.47,0.554668,7.51917,33.6158
802276863,861,1.1256e+06,106999,9,7,41,130,40.2667,125.58,23.7031,0.553185,7.46852,31.8003
802276863,862,1.0834e+06,178515,9,3,39,126,40.14,125.423,29.0895,0.484732,4.40617,34.0583
802276863,863,776104,167240,9,4,39,121,39.59,123.21,27.8699,0.258887,7.21155,35.4019
802276863,864,962105,229762,9,4,39,121,39.2567,123.337,37.7575,0.411562,6.88183,45.1399
802276863,865,1.25649e+06,184396,9,5,39,123,39.2467,124.087,32.8619,0.41234,7.48931,40.8554
802276863,866,1.12543e+06,188295,9,4,39,122,39.28,125.617,28.6477,0.271417,6.48778,35.481
802276863,867,961899,148853,9,5,39,129,39.4733,125.88,30.0335,0.483335,6.43135,37.0288
802276863,868,1.08341e+06,152803,9,5,39,126,39.4433,125.677,30.146,0.433903,7.32804,37.9796
802276863,869,1.21198e+06,138052,9,4,39,124,39.3733,125.797,29.9161,0.362923,7.3643,37.7152
802276863,870,1.34771e+06,121673,9,4,39,126,39.52,126.047,30.4398,0.405021,7.3664,38.2794
802276863,871,1.21175e+06,106153,9,6,40,124,39.6067,126.04,24.255,0.465272,7.22688,32.0118
802276863,872,775763,34471.5,9,11,39,124,39.4,126.23,16.8304,0.531519,4.39955,21.831
802276863,873,885401,168659,9,10,39,127,39.12,126.403,27.7634,0.561532,5.94517,34.3358
802276863,874,673790,156620,9,6,40,126,39.0867,126.133,28.4357,0.449171,5.34764,34.3029
802276863,875,922921,120390,9,6,39,127,39.6733,126.483,21.7108,0.488119,7.39554,29.663
802276863,876,923295,90102.6,9,3,39,127,39.5933,126.99,21.3064,0.360485,7.23051,28.963
802276863,877,1.08339e+06,133940,9,2,40,127,39.4133,126.867,22.884,0.326568,7.59942,30.8814
802276863,878,1.30137e+06,185124,9,2,39,126,39.6233,127.22,27.0017,0.239003,7.34909,34.6603
802276863,879,1.08313e+06,149639,9,4,39,126,39.58,126.253,25.5479,0.447532,7.47249,33.5493
802276863,880,1.00196e+06,128226,9,4,39,126,39.36,125.37,27.332,0.38358,7.34472,35.1282
802276863,881,740910,135879,9,4,39,129,39.0967,123.817,24.0291,0.400803,7.24919,31.7486
802276863,882,361176,90042.2,9,6,39,125,39.1133,123.793,23.9913,0.522199,7.71832,32.3246
802276863,883,1.04225e+06,128031,9,5,39,122,39.17,123.687,23.7535,0.385227,3.92984,28.1368
802276863,884,1.16844e+06,276712,9,6,39,122,39.09,122.7,32.8021,0.487979,7.29722,40.6582
802276863,885,1.00174e+06,301645,9,4,39,126,39.0933,123.853,37.9572,0.38031,6.38219,44.793
802276863,886,1.00174e+06,107750,9,4,39,126,39.1133,124.607,23.1548,0.443659,7.32848,31.0183
802276863,887,1.1683e+06,228498,9,2,40,127,39.1,124.74,30.366,0.284541,7.31325,38.0387
802276863,888,1.0016e+06,122220,9,2,40,126,39.1533,125.207,22.6931,0.251392,7.81699,30.8325
802276863,889,1.04226e+06,185637,9,3,39,123,39.2933,125.39,31.6245,0.373943,7.28878,39.3604
802276863,890,1.16828e+06,176232,9,2,40,125,39.28,125.53,30.4245,0.304285,7.53918,38.3495
802276863,891,1.0023e+06,143902,9,2,39,123,39.31,125.45,25.7955,0.260489,7.6092,33.7339
802276863,892,1.08367e+06,190447,9,2,39,123,39.3833,125.757,29.2589,0.456296,7.53728,37.3365
802276863,893,923338,191309,9,3,40,125,39.62,125.2,34.9292,0.347226,7.46768,42.8298
802276863,894,1.08355e+06,232094,9,5,40,126,39.5567,124.823,29.7144,0.395451,7.47747,37.6655
802276863,895,1.1254e+06,177478,9,3,39,125,39.5133,124.833,27.7655,0.361838,7.29437,35.4903
802276863,896,1.25668e+06,185063,9,6,40,126,39.7067,125.977,33.0932,0.497879,4.84945,38.5234
802276863,897,1.4421e+06,181973,9,5,39,127,39.47,124.523,29.5086,0.451741,6.32096,36.3537
802276863,898,1.39471e+06,208101,9,4,40,122,39.7167,124.627,28.7419,0.3711,7.40556,36.5969
802276863,899,1.12534e+06,177032,9,3,39,126,39.67,125.447,26.5016,0.257074,5.64923,32.4786
802276863,900,1.2119e+06,162638,9,4,39,129,39.7433,125.577,24.0603,0.408967,7.13727,31.6747
802276863,901,1.12563e+06,141982,9,3,39,129,39.61,126.547,24.1629,0.274806,7.5061,32.0124
802276863,902,885355,112303,9,3,39,125,39.62,126.81,23.5792,0.373939,7.3412,31.3675
802276863,903,885241,112395,9,4,39,127,39.7933,127.31,23.7522,0.411076,7.4141,31.6459
802276863,904,1.12546e+06,126113,9,5,40,125,39.71,126.94,24.6403,0.522563,7.55119,32.7949
802276863,905,1.00202e+06,163895,9,5,39,125,39.4833,125.95,29.9155,0.468736,7.48086,37.938
802276863,906,1.04205e+06,133942,9,7,39,126,39.5367,125.48,24.9549,0.482512,7.53226,33.0384
802276863,907,1.0422e+06,163765,9,8,40,125,39.6967,125.953,28.3044,0.495233,7.71035,36.5847
802276863,908,1.12569e+06,174470,9,7,39,123,39.7367,125.413,35.3234,0.54303,7.07782,43.0428
802276863,909,1.12545e+06,95400.2,9,7,40,125,39.85,125.61,22.6586,0.481152,7.307,30.5259
802276863,910,1.39437e+06,141802,9,9,40,124,39.69,125.14,24.0683,0.5228,7.33752,32.0075
802276863,911,1.08338e+06,177621,9,9,40,129,39.5033,124.487,29.8771,0.502999,7.31746,37.7662
802276863,912,1.30179e+06,180401,9,9,39,121,39.36,124.89,29.0823,0.536614,4.87498,34.5686
802276863,913,885249,76651.5,9,7,39,124,39.8333,126.31,22.0336,0.550531,7.49421,30.152
802276863,914,1.34768e+06,142820,9,10,40,125,39.81,126.22,27.8658,0.517356,6.01117,34.479
802276863,915,848122,195970,9,8,40,127,39.5533,125.737,35.4819,0.46683,7.60191,43.6398
802276863,916,1.00164e+06,268802,9,4,39,129,39.3433,127.527,32.0909,0.470204,7.62491,40.2662
802276863,917,1.44245e+06,155757,9,3,39,133,39.36,127.82,27.6285,0.372101,4.95598,33.0304
802276863,918,1.12562e+06,264219,9,3,39,125,39.2333,126.147,35.4333,0.494642,7.28915,43.2849
802276863,919,848082,215149,9,4,39,127,39.2533,127.233,37.8663,0.384827,7.30997,45.6378
802276863,920,1.00179e+06,189107,9,3,39,127,39.46,127.123,33.9213,0.402335,7.64659,42.0665
802276863,921,811794,210466,9,5,39,127,39.3533,127.263,37.124,0.492744,7.56564,45.2711
802276863,922,923158,158875,9,4,40,121,39.3167,126.923,27.4598,0.310988,7.48649,35.3329
802276863,923,1.00199e+06,112468,9,5,39,129,39.42,126.45,28.4003,0.497451,5.90035,34.8722
802276863,924,962170,203826,9,6,40,130,39.31,126.943,30.2299,0.455813,5.14502,35.9045
802276863,925,847939,213852,9,5,39,128,39.4867,127.677,29.6108,0.425755,7.23279,37.3403
802276863,926,1.34783e+06,187481,9,4,40,127,39.5,128.037,31.4016,0.413298,7.11312,39.0045
802276863,927,1.21211e+06,244075,9,4,40,130,39.8167,128.687,35.7646,0.254282,7.72402,43.8136
802276863,928,1.08331e+06,255179,9,5,40,129,39.93,128.817,30.2603,0.46585,7.62808,38.4286
802276863,929,1.08331e+06,227741,9,5,40,128,39.9767,129.223,31.6059,0.469502,7.64142,39.7878
802276863,930,923536,214477,9,4,39,125,39.8267,128.663,32.8506,0.389111,7.66332,40.9797
802276863,931,1.00177e+06,252706,9,7,39,123,39.9133,128.583,32.0726,0.458054,7.64315,40.2495
802276863,932,1.00198e+06,247596,9,3,40,127,39.78,126.877,38.575,0.499982,7.51918,46.6697
802276863,933,811500,180519,9,6,40,121,39.8633,126.773,29.8721,0.506401,7.75366,38.2107
802276863,934,741113,69647.4,42,2,40,127,39.9167,127.297,22.0676,0.368072,7.69509,30.2049
802276863,935,1.0017e+06,120017,9,4,39,123,40.0033,127.243,27.4378,0.484151,6.82932,34.8463
802276863,936,740815,143094,9,5,40,132,40.2433,127.233,25.6678,0.41164,7.25335,33.4001
802276863,937,1.21203e+06,149882,9,4,40,127,40.0167,125.923,28.2902,0.409392,6.66652,35.4467
802276863,938,1.3018e+06,206257,9,5,40,129,40.0367,126.137,34.5811,0.46893,7.46398,42.5894
802276863,939,1.08385e+06,131287,9,6,41,127,39.94,126.367,26.4087,0.410644,7.7188,34.6119
802276863,940,1.21225e+06,162470,9,5,40,125,40.0133,126.693,32.205,0.516873,5.72969,38.5361
802276863,941,1.04222e+06,282833,9,5,40,129,39.64,125.65,38.8084,0.437878,7.48227,46.8025
802276863,942,775776,39031.7,9,3,41,130,40.1633,126.983,22.5713,0.201443,7.35997,30.2079
802276863,943,885406,207812,9,3,41,130,40.1967,126.49,36.6598,0.376556,7.56669,44.6786
802276863,944,1.16862e+06,202972,9,6,40,131,40.2867,126.94,32.9781,0.415052,4.69055,38.1587
802276863,945,1.44207e+06,216157,9,2,40,125,40.9267,129.35,31.672,0.390525,7.53392,39.6653
802276863,946,962321,253836,9,3,40,131,40.8333,130.12,39.177,0.384713,7.31221,46.977
802276863,947,674003,165334,9,2,41,129,40.7067,129.81,35.4819,0.337822,7.34888,43.2567
802276863,948,1.00207e+06,244896,9,4,40,130,40.8033,129.917,38.7086,0.388788,7.56933,46.7429
802276863,949,1.08383e+06,234074,9,5,40,127,40.8467,129.917,37.8027,0.394131,4.68761,42.9645
802276863,950,811846,173236,9,4,40,129,40.1633,127.49,39.4145,0.425756,7.22404,47.1368
802276863,951,1.30161e+06,169617,9,5,40,131,40.1733,127.84,30.3604,0.372221,7.37086,38.1781
802276863,952,1.00188e+06,228896,9,4,40,124,40.1033,127.56,37.258,0.399599,7.36988,45.1011
802276863,953,962013,103333,9,6,40,123,40.0967,127.747,25.0952,0.444548,7.74813,33.3627
802276863,954,1.30174e+06,236319,9,5,40,129,40.0567,127.33,33.0108,0.42108,6.3742,39.8805
802276863,955,1.34782e+06,152063,48,7,40,126,40.0567,127.11,29.7765,0.488259,7.42571,37.7664
802276863,956,1.12581e+06,161367,9,8,40,123,40.05,127.753,28.9718,0.418067,4.31986,33.7801
802276863,957,923765,256225,9,6,40,130,40.04,126.263,35.8167,0.508941,7.27385,43.6758
802276863,958,1.1256e+06,202214,9,7,40,126,40.0833,127.69,30.3599,0.436188,7.6601,38.5332
802276863,959,1.04229e+06,144927,9,4,41,127,40.07,128.56,26.6256,0.280387,6.09804,33.0847
802276863,960,1.21219e+06,127746,9,2,40,131,40.0667,128.66,27.8999,0.456015,7.46653,35.9244
802276863,961,775926,95049.2,9,3,40,127,40.08,128.97,21.8719,0.279705,7.64433,29.8709
802276863,962,579003,91679.6,9,4,40,129,40.0967,129.073,24.9007,0.401366,6.82052,32.1935
802276863,963,923875,97924,9,4,40,129,40.0767,128.967,25.4923,0.405448,5.57555,31.5484
802276863,964,1.0422e+06,82599.3,9,6,40,128,40.0667,127.73,25.7375,0.465744,7.54142,33.8163
802276863,965,1.25658e+06,122100,9,7,40,127,40.1567,127.573,27.9999,0.449554,6.33523,34.8585
802276863,966,1.257e+06,144230,9,9,40,126,40.1267,127.893,30.8192,0.525041,7.56023,38.9859
802276863,967,741132,128661,9,8,41,132,40.2767,127.423,32.2188,0.454995,6.6398,39.3921
802276863,968,1.25654e+06,124084,9,7,40,126,40.4,128.29,29.6561,0.469958,7.63339,37.8387
802276863,969,1.04251e+06,90303,9,10,40,131,40.3733,128.32,21.9426,0.496288,4.86703,27.3842
802276863,970,1.30175e+06,273781,9,10,40,125,40.1267,128.44,39.2936,0.55142,5.18086,45.097
802276863,971,923563,135837,9,7,41,134,40.1833,130.76,35.8926,0.51812,7.53049,44.0179
802276863,972,885346,196050,9,9,40,128,40.26,130.823,41.3254,0.507423,7.7946,49.7206
802276863,973,848116,183932,9,7,41,133,40.1867,130.16,30.9004,0.564584,5.76479,37.3169
802276863,974,1.08355e+06,242130,9,6,41,135,40.56,132.43,39.519,0.501329,7.5075,47.6039
802276863,975,1.00167e+06,202399,9,3,41,136,40.4667,132.663,33.3465,0.361486,8.03846,41.8298
802276863,976,1.49058e+06,293093,9,4,40,134,40.66,132.903,36.4654,0.478566,7.72382,44.7411
802276863,977,1.16827e+06,227170,9,6,40,131,40.4967,132.75,35.2155,0.464704,7.7732,43.5323
802276863,978,1.12558e+06,244660,9,7,41,135,40.7567,132.877,32.3288,0.544029,6.98481,39.9317
802276863,979,1.04217e+06,190871,9,10,41,133,40.7267,133.707,30.1848,0.572737,5.06483,35.9017
802276863,980,1.0836e+06,266091,9,9,42,138,40.83,135.203,41.0307,0.699285,7.10667,48.928
802276863,981,885382,283398,9,6,42,138,41.0233,135.647,37.4783,0.449379,6.89819,44.9126
802276863,982,1.12548e+06,245254,9,7,41,139,41.2033,137.227,38.0133,0.521803,7.84187,46.4549
802276863,983,848317,238685,9,5,42,140,41.5633,137.757,36.687,0.552175,7.8453,45.169
802276863,984,1.08334e+06,225489,9,3,41,138,41.6833,138.02,33.3023,0.517543,8.45388,42.3493
802276863,985,1.21188e+06,282063,9,5,41,138,40.8933,136.847,40.4475,0.500546,7.92137,48.9553
802276863,986,1.00206e+06,158648,9,3,40,135,41,137.41,27.2665,0.411781,8.23627,35.9961
802276863,987,1.16904e+06,157984,9,3,41,138,41.4033,137.883,28.823,0.465069,9.16358,38.5606
802276863,988,962194,215968,9,2,42,138,41.69,138.437,34.9769,0.539421,8.17538,43.7743
802276863,989,1.39475e+06,189262,9,5,41,136,41.7367,137.94,30.8352,0.521788,8.05984,39.4986
802276863,990,811430,173643,9,5,42,141,41.7733,137.993,31.9948,0.628307,6.10907,38.8147
802276863,991,641438,198739,9,2,42,138,41.9267,137.937,32.1844,0.537684,7.70796,40.5109
802276863,992,1.21188e+06,278608,9,1,42,140,42.02,139.583,40.2116,0.212338,7.94675,48.4584
802276863,993,1.00191e+06,283083,9,1,43,140,42.0833,140.013,39.8008,0.318007,7.84661,48.0434
802276863,994,775905,220730,9,1,42,139,42.13,140.27,35.3414,0.311759,7.97787,43.7042
802276863,995,1.04218e+06,322752,9,1,42,141,42.1567,140.37,42.9104,0.333054,8.10548,51.45
802276863,996,1.39464e+06,294241,9,1,42,139,42.1333,140.403,41.0142,0.280674,7.95711,49.3412
802276863,997,1.34844e+06,258497,9,1,42,139,42.2133,140.143,40.6239,0.352857,8.30217,49.3572
802276863,998,1.08351e+06,254594,9,1,42,139,42.1767,140.213,43.7084,0.270277,8.37324,52.436
802276863,999,1.00164e+06,204202,9,1,42,141,42.21,139.96,30.7076,0.276454,8.28743,39.3595
802276863,1000,1.21173e+06,308453,9,1,42,138,42.25,139.803,36.3831,0.330351,8.15419,44.9463
