seed,generation,best_fitness,mean_fitness,worst_fitness,num_species,time_eval_ms,time_speciate_ms,time_reproduce_ms,time_total_ms
360490103,0,37.99,7.18655,3,1,3.15764,0.115429,3.0311,6.32032
360490103,1,49.275,14.1429,3,1,3.17157,0.151728,2.86138,6.18851
360490103,2,120.648,21.5018,3,1,4.04585,0.151868,2.97381,7.17609
360490103,3,120.648,20.7041,3,1,4.00718,0.227582,2.975,7.21344
360490103,4,89.5417,22.1762,3,1,3.82868,0.158271,3.06593,7.05879
360490103,5,90.5517,23.6703,3,1,5.39734,0.192486,3.01752,8.61196
360490103,6,93.2,25.4562,3,1,3.97474,0.210229,3.24441,7.43436
360490103,7,115.2,25.4704,3,1,4.32901,0.153591,3.29877,7.78633
360490103,8,93.2,27.3443,3,1,4.30528,0.124145,3.18133,7.61535
360490103,9,162.697,25.6294,3,1,5.17472,0.164513,3.44542,8.79162
360490103,10,107.53,26.5846,3,1,4.93252,0.160475,3.11047,8.20887
360490103,11,115.2,26.6967,3,1,4.38976,0.156057,3.0175,7.56773
360490103,12,120.967,26.091,3,1,4.29752,0.162739,3.10263,7.56795
360490103,13,93.2,26.6314,3,1,4.2994,0.162359,3.1097,7.57657
360490103,14,121.005,27.7278,3,1,4.44585,0.166255,3.13612,7.75233
360490103,15,120.73,27.2917,3,1,4.4882,0.161436,3.18376,7.83793
360490103,16,107.53,28.4698,3,1,4.30697,0.166375,3.19667,7.6743
360490103,17,90.5433,27.6464,3,1,5.18751,0.161387,3.19628,8.55006
360490103,18,154.603,27.6435,3,1,4.68355,0.165224,3.04396,7.89868
360490103,19,154.603,27.8262,3,1,5.86998,0.130287,2.87946,8.88543
360490103,20,154.603,28.1908,3,1,4.45614,0.15813,3.10123,7.7202
360490103,21,121.275,27.1709,3,1,4.98029,0.154614,3.12368,8.26232
360490103,22,115.2,28.629,3,1,4.33528,0.159012,3.16361,7.66363
360490103,23,107.622,28.4025,3,1,4.61891,0.162168,3.08812,7.8733
360490103,24,107.518,29.0161,3,1,4.59366,0.235598,3.1732,8.00605
360490103,25,121.005,28.9423,3,1,4.2417,0.16322,3.22445,7.63367
360490103,26,99.8117,27.9136,3,1,4.37537,0.20536,3.19641,7.78093
360490103,27,121.005,28.92,3,1,4.38506,0.166406,3.25655,7.81215
360490103,28,126.853,29.069,3,1,4.39189,0.154123,3.29054,7.84069
360490103,29,99.9783,28.1748,3,1,4.6305,0.160695,3.40712,8.2044
360490103,30,121.005,29.663,3,1,5.37277,0.160515,3.35609,8.89625
360490103,31,126.863,30.4832,3,1,5.47574,0.15817,3.50335,9.14192
360490103,32,126.863,29.5476,3,1,4.21569,0.233293,3.45635,7.91047
360490103,33,121.005,29.6198,3,1,4.27415,0.263871,3.20697,7.74935
360490103,34,121.005,30.5932,3,1,4.53014,0.177617,3.3148,8.02679
360490103,35,115.2,30.6792,3,1,4.81926,0.175082,3.24124,8.24029
360490103,36,120.73,29.7534,3,1,4.15768,0.169161,3.36085,7.69321
360490103,37,142.547,30.7539,3,1,4.6854,0.109348,3.22239,8.02128
360490103,38,142.547,30.8221,3,1,4.56585,0.160635,3.34033,8.07125
360490103,39,149.972,30.6007,3,1,4.53758,0.168611,3.3176,8.02799
360490103,40,120.73,30.2855,3,1,4.48847,0.173039,3.37881,8.04552
360490103,41,121.005,29.4237,3,1,4.47402,0.171025,3.3962,8.04596
360490103,42,121.005,30.1563,3,1,4.78859,0.176265,3.66957,8.63986
360490103,43,150.005,30.2225,3,1,4.88006,0.176796,3.52273,8.58722
360490103,44,121.005,29.4877,3,1,4.47923,0.262498,3.53193,8.2796
360490103,45,120.662,29.7411,3,1,5.54468,0.177097,3.36147,9.08851
360490103,46,120.92,30.8252,3,1,5.09135,0.169161,3.67609,8.94207
360490103,47,112.533,28.7361,3,1,4.64361,0.251057,3.41124,8.31048
360490103,48,120.518,28.795,3,1,4.52213,0.167257,3.33424,8.02771
360490103,49,121.005,29.4578,3,1,4.55119,0.132742,3.82488,8.51379
360490103,50,101.35,29.7493,3,1,4.51793,0.162699,3.69426,8.37954
360490103,51,111.318,29.5214,3,1,4.87889,0.175984,3.75371,8.81357
360490103,52,114.463,29.5376,3,1,4.98358,0.170083,3.53808,8.696
360490103,53,120.935,29.8542,3,1,5.09469,0.167117,3.53977,8.80785
360490103,54,121.005,30.3584,3,1,5.27491,0.169232,3.4969,8.94543
360490103,55,121.005,30.1946,3,1,4.8842,0.26315,3.5016,8.65353
360490103,56,149.868,30.4631,3,1,5.28966,0.180993,3.48091,8.95597
360490103,57,119.287,29.2185,3,1,4.86912,0.173921,3.54467,8.59176
360490103,58,120.22,30.7246,3,1,6.28235,0.125328,3.42533,9.83747
360490103,59,120.938,30.963,3,1,4.60574,0.180282,3.60691,8.39748
360490103,60,121.005,30.5648,3,1,5.10392,0.220118,3.51782,8.84588
360490103,61,121.005,31.0246,3,1,5.00042,0.178549,3.6131,8.79775
360490103,62,121.005,32.8255,3,1,5.67648,0.176375,3.69739,9.5565
360490103,63,121.005,32.8374,3,1,5.75754,0.181114,3.60152,9.54511
360490103,64,120.968,32.9832,3,1,5.54771,0.184971,3.59201,9.32949
360490103,65,121.005,32.3655,3,1,5.70795,0.170654,3.63925,9.52327
360490103,66,121.005,33.9217,3,1,5.70631,0.191404,3.72989,9.63392
360490103,67,105.358,35.0098,3,1,6.03961,0.190071,3.82223,10.0563
360490103,68,110.86,33.3069,3,1,5.82795,0.270113,3.93105,10.0352
360490103,69,120.935,36.0084,3,1,6.64614,0.189219,3.66204,10.5026
360490103,70,120.935,37.373,3,1,6.02045,0.156397,3.87277,10.0551
360490103,71,121.005,38.1799,3,1,6.79951,0.191894,3.91537,10.9139
360490103,72,121.005,38.7876,3,1,6.62192,0.291203,3.61271,10.5318
360490103,73,121.005,41.6515,3,1,7.35859,0.184741,3.72755,11.2781
360490103,74,120.905,41.5753,3,1,7.17565,0.186514,3.77149,11.139
360490103,75,121.005,42.9694,3,1,6.97792,0.176946,3.77832,10.939
360490103,76,120.552,41.4367,3,1,6.88584,0.132863,3.86379,10.8882
360490103,77,121.005,42.287,3,1,7.19362,0.190522,3.97667,11.3673
360490103,78,120.905,40.0882,3,1,6.47556,0.179812,3.77111,10.4319
360490103,79,120.897,41.4054,3,1,6.76118,0.189961,4.12925,11.0867
360490103,80,120.973,40.1914,3,1,6.58643,0.190962,4.15445,10.9373
360490103,81,121.005,42.1749,3,1,6.65504,0.238803,3.8061,10.7053
360490103,82,121.005,41.0597,3,1,6.27837,0.186164,3.79161,10.2617
360490103,83,121.005,45.775,3,1,7.28241,0.181936,3.76867,11.2393
360490103,84,121.005,43.5704,3,1,7.09682,0.179481,3.78285,11.0635
360490103,85,121.005,42.2458,3,1,6.90699,0.188448,3.91539,11.0165
360490103,86,121.005,43.3251,3,1,7.87376,0.177548,3.63348,11.6892
360490103,87,121.005,43.8555,3,1,8.16694,0.127963,3.57741,11.8776
360490103,88,121.005,47.942,3,1,7.82163,0.128234,3.80142,11.7566
360490103,89,121.005,47.4117,3,1,7.85656,0.190131,3.85303,11.9046
360490103,90,121.005,48.7597,3,1,7.78631,0.191594,3.74676,11.7301
360490103,91,99.9217,45.79,3,1,7.78361,0.190221,3.61746,11.5988
360490103,92,112.275,48.194,3,1,7.52548,0.186614,3.84717,11.5649
360490103,93,99.9217,47.3798,3,1,9.35165,0.123925,3.6753,13.1563
360490103,94,105.302,50.0871,3,1,7.82963,0.177307,3.73146,11.7432
360490103,95,121.005,49.8978,3,1,7.34013,0.175113,3.82002,11.3403
360490103,96,121.005,53.8006,3,1,8.24813,0.183658,3.7909,12.2271
360490103,97,121.005,50.9691,3,1,8.86358,0.142931,3.87682,12.8907
360490103,98,121.005,51.4547,3,1,8.05244,0.184009,3.9826,12.2242
360490103,99,99.9217,48.2215,3,1,7.38075,0.263129,3.89775,11.5472
360490103,100,99.9433,46.0326,3,1,7.22475,0.190352,3.92608,11.3475
360490103,101,105.865,49.6047,3,1,8.63273,0.193828,3.83244,12.6641
360490103,102,121.005,45.7232,3,1,7.29845,0.197024,3.84831,11.3486
360490103,103,121.005,48.3607,3,1,8.02786,0.140607,3.70709,11.8817
360490103,104,99.9217,50.7618,3,1,7.87547,0.191323,3.79815,11.87
360490103,105,121.005,47.7125,3,1,7.72487,0.292335,3.71624,11.7384
360490103,106,121.005,49.8488,3,1,8.04175,0.191814,3.83487,12.0731
360490103,107,115.2,51.3273,3,1,8.00386,0.292956,3.80945,12.1124
360490103,108,121.005,58.0535,3,1,9.381,0.19487,3.76703,13.3476
360490103,109,120.378,51.9411,3,1,8.84221,0.14199,3.71137,12.702
360490103,110,120.267,50.9767,3,1,8.14141,0.195671,3.76826,12.1099
360490103,111,120.935,55.535,3,1,9.11214,0.213155,3.76732,13.0969
360490103,112,121.005,52.6181,3,1,8.21303,0.195301,3.78118,12.1952
360490103,113,120.905,51.3433,3,1,8.33546,0.18959,4.07669,12.6062
360490103,114,120.905,52.4918,3,1,8.05868,0.194319,4.06248,12.321
360490103,115,120.935,52.9706,3,1,8.0826,0.189681,4.06525,12.343
360490103,116,121.005,53.7884,3,1,9.13058,0.198697,3.82124,13.1561
360490103,117,119.827,54.9377,3,1,8.8089,0.192416,3.90137,12.9074
360490103,118,120.943,56.3751,3,1,9.2744,0.190742,3.77114,13.2441
360490103,119,115.2,52.9466,3,1,8.31767,0.196142,4.04332,12.5621
360490103,120,121.005,54.8444,3,1,9.34519,0.187456,3.8213,13.36
360490103,121,99.9217,57.6816,3,1,8.96247,0.187697,3.89022,13.0465
360490103,122,99.9217,56.5099,3,1,8.52041,0.268089,3.90736,12.7038
360490103,123,121.005,56.5614,3,1,8.44609,0.18967,3.91787,12.5597
360490103,124,121.005,58.3065,3,1,9.37881,0.159262,3.78054,13.3252
360490103,125,121.005,57.3321,3,1,9.53645,0.200631,3.7942,13.5378
360490103,126,121.005,55.6888,3,1,8.45236,0.192365,3.95108,12.6007
360490103,127,121.017,53.7204,3,1,8.35263,0.195782,4.29458,12.8498
360490103,128,121.017,55.0433,3,1,9.2883,0.441579,4.33129,14.0676
360490103,129,121.005,55.0804,3,1,9.0653,0.189089,4.48204,13.7424
360490103,130,120.905,57.0262,3,1,9.00234,0.173189,4.11489,13.2989
360490103,131,121.005,56.4012,3,1,8.74509,0.195051,4.02382,12.9693
360490103,132,99.9217,55.0356,3,1,9.16584,0.240366,3.97046,13.3825
360490103,133,120.827,56.3686,3,1,8.76009,0.303226,4.37296,13.4425
360490103,134,120.905,55.9637,3,1,9.70706,0.232601,4.32499,14.2706
360490103,135,121.005,59.3846,3,1,9.33283,0.210119,4.06109,13.6124
360490103,136,121.005,57.8193,3,1,9.33224,0.137381,3.97051,13.4464
360490103,137,120.973,56.8273,3,1,9.32725,0.23179,4.20533,13.7702
360490103,138,121.005,54.7971,3,1,8.67019,0.202685,4.13243,13.011
360490103,139,121.005,57.7679,3,1,9.03441,0.197656,4.24714,13.4855
360490103,140,121.005,52.5275,3,1,8.439,0.216852,4.03167,12.694
360490103,141,99.9217,58.2925,3,1,9.94135,0.217022,4.23653,14.4044
360490103,142,99.9217,55.2651,3,1,8.32947,0.24221,4.17853,12.7574
360490103,143,99.9217,58.2338,3,1,9.16027,0.197415,4.32704,13.6912
360490103,144,99.9217,56.9148,3,1,9.43951,0.173369,3.98806,13.608
360490103,145,121.017,55.1596,3,1,8.66086,0.197395,4.11065,12.975
360490103,146,121.017,52.1107,3,1,8.3585,0.198437,4.06888,12.6323
360490103,147,138.762,52.9977,3,1,8.31189,0.287546,4.06107,12.6656
360490103,148,138.762,54.1698,3,1,9.0314,0.133794,4.03985,13.2096
360490103,149,120.865,57.1021,3,1,8.80682,0.204559,4.26107,13.2799
360490103,150,100.025,57.3285,3,1,8.55697,0.201362,4.30334,13.0668
360490103,151,99.9767,54.3768,3,1,8.42957,0.197685,4.30544,12.9389
360490103,152,99.97,52.9082,3,1,8.41188,0.207023,4.29415,12.9188
360490103,153,99.9217,50.4074,3,1,8.22176,0.23685,4.24225,12.7062
360490103,154,120.768,53.822,3,1,8.56446,0.208686,4.26511,13.0437
360490103,155,121.005,54.0498,3,1,8.56398,0.200821,4.41627,13.1865
360490103,156,121.005,54.4334,3,1,8.48181,0.20515,4.36991,13.0631
360490103,157,121.005,57.0771,3,1,9.19186,0.309117,4.39297,13.9003
360490103,158,121.002,55.1638,3,1,8.73221,0.211592,4.45328,13.4042
360490103,159,121.002,55.6478,3,1,8.52811,0.218455,4.51079,13.2631
360490103,160,120.905,54.1712,3,1,9.03879,0.201012,4.46719,13.7126
360490103,161,135.257,55.8698,3,1,8.61164,0.306182,4.58009,13.5068
360490103,162,121.002,51.2283,3,1,7.8482,0.302335,4.63233,12.7885
360490103,163,121.002,54.1625,3,1,9.24387,0.218755,4.54796,14.0171
360490103,164,121.002,52.5872,3,1,8.37382,0.204609,4.42008,13.0054
360490103,165,121.005,51.0334,3,1,8.04308,0.216431,4.52462,12.7892
360490103,166,121.005,52.0685,3,1,8.52304,0.344704,3.98792,12.861
360490103,167,121.005,52.2279,3,1,9.70645,0.213125,4.24821,14.1743
360490103,168,120.935,56.0625,3,1,9.91346,0.129285,3.99459,14.0417
360490103,169,120.905,56.6429,3,1,9.32759,0.204608,4.34726,13.8847
360490103,170,120.905,55.7327,3,1,9.22961,0.156427,4.07411,13.4655
360490103,171,120.927,55.6072,3,1,8.70262,0.202665,4.20035,13.1107
360490103,172,120.868,55.9979,3,1,9.25569,0.203817,4.2496,13.7145
360490103,173,99.9217,55.3444,3,1,9.58561,0.144134,4.23987,13.9781
360490103,174,99.9217,58.3102,3,1,9.16198,0.208887,4.33016,13.7064
360490103,175,121.005,58.3116,3,1,9.47406,0.21591,4.05736,13.7538
360490103,176,121.005,58.5312,3,1,9.26591,0.209057,4.26835,13.7487
360490103,177,121.005,57.3719,3,1,8.98467,0.203036,4.2395,13.4321
360490103,178,121.005,60.1062,3,1,9.20909,0.204669,4.27893,13.6997
360490103,179,121.005,58.3981,3,1,9.26645,0.201493,4.23796,13.7112
360490103,180,99.9217,60.2742,3,1,9.61829,0.203306,4.24481,14.0715
360490103,181,121.002,58.638,3,1,9.30781,0.205811,4.29386,13.8122
360490103,182,99.9867,62.0044,3,1,9.69312,0.317694,4.39089,14.407
360490103,183,120.905,54.7185,3,1,8.40624,0.215178,4.58251,13.2104
360490103,184,121.005,60.7658,3,1,9.77138,0.21581,4.66256,14.655
360490103,185,99.9217,55.686,3,1,8.54917,0.211311,4.48103,13.2495
360490103,186,120.905,59.8876,3,1,9.13467,0.212524,4.56202,13.9151
360490103,187,120.905,59.0073,3,1,9.53754,0.173349,4.20895,13.9265
360490103,188,120.905,58.9384,3,1,9.34937,0.210279,4.36319,13.9289
360490103,189,120.997,57.5181,3,1,8.90058,0.218104,4.66603,13.7911
360490103,190,149.008,61.4977,3,1,9.70137,0.211702,4.49435,14.4144
360490103,191,120.785,59.3144,3,1,9.42854,0.212945,4.6984,14.3479
360490103,192,120.935,61.017,3,1,9.65659,0.217343,4.43858,14.3193
360490103,193,120.972,62.1816,3,1,10.6564,0.14743,4.63583,15.4462
360490103,194,120.972,57.9059,3,1,9.21575,0.226901,4.70497,14.1543
360490103,195,121.005,61.0006,3,1,9.94378,0.21588,4.82596,14.9931
360490103,196,121.005,60.9167,3,1,9.48827,0.225348,5.0349,14.7572
360490103,197,99.9517,60.7869,3,1,10.1728,0.31632,4.42421,14.9198
360490103,198,99.9417,61.3586,3,1,10.6908,0.151598,4.45965,15.3093
360490103,199,99.9217,60.4063,3,1,10.8224,0.223064,4.60514,15.6583
360490103,200,99.9217,61.3371,3,1,10.5487,0.313306,4.42608,15.2952
360490103,201,121.005,62.381,3,1,10.65,0.147099,4.83072,15.6342
360490103,202,99.9217,59.8787,3,1,9.81016,0.265223,5.13315,15.2172
360490103,203,99.9217,59.0687,3,1,9.40556,0.231079,5.0718,14.717
360490103,204,100.153,60.7178,3,1,10.8648,0.255355,4.43184,15.5606
360490103,205,99.9583,65.3057,3,1,11.5854,0.161396,4.73177,16.4868
360490103,206,99.9317,63.2646,3,1,10.0424,0.22643,4.72119,14.9959
360490103,207,115.2,59.8202,3,1,9.48083,0.227201,4.69159,14.4075
360490103,208,116.425,61.1382,3,1,9.6446,0.226841,4.70251,14.5797
360490103,209,99.9217,59.8984,3,1,9.65572,0.230538,4.72298,14.6171
360490103,210,115.2,61.8429,3,1,10.2674,0.23132,4.71556,15.2209
360490103,211,99.9217,61.6736,3,1,9.817,0.231019,4.74254,14.7965
360490103,212,99.9217,59.4158,3,1,9.45462,0.335137,4.69544,14.4918
360490103,213,99.9217,57.0341,3,1,9.37623,0.239084,4.83094,14.4526
360490103,214,99.9433,61.2661,3,1,9.80908,0.235017,4.86962,14.9202
360490103,215,121.005,61.1567,3,1,9.66088,0.239004,4.78744,14.6951
360490103,216,99.9217,60.2753,3,1,9.60256,0.227562,4.70384,14.5419
360490103,217,99.9217,60.9285,3,1,9.95312,0.237932,4.71262,14.91
360490103,218,120.565,60.7133,3,1,10.6122,0.160655,4.69976,15.4784
360490103,219,120.868,59.7636,3,1,9.56091,0.228193,4.78571,14.5841
360490103,220,121.005,62.073,3,1,10.3804,0.195301,4.68048,15.2637
360490103,221,99.9217,58.8211,3,1,9.10951,0.234075,4.82448,14.1772
360490103,222,116.257,65.726,3,1,10.4266,0.237802,4.76129,15.4317
360490103,223,99.9217,61.8886,3,1,9.74404,0.222943,4.85659,14.8316
360490103,224,115.2,58.3521,3,1,10.8339,0.186354,4.64775,15.6755
360490103,225,99.9217,58.6855,3,1,9.51386,0.237361,4.94752,14.7067
360490103,226,99.9217,64.1476,3,1,10.3295,0.367878,4.85951,15.5659
360490103,227,120.905,61.3938,3,1,10.6477,0.237762,4.91419,15.806
360490103,228,121.005,60.6172,3,1,10.0456,0.250135,4.83788,15.1409
360490103,229,121.005,60.2979,3,1,10.7662,0.222943,4.79255,15.7889
360490103,230,120.905,60.6682,3,1,10.5256,0.169953,4.74592,15.4464
360490103,231,125.757,58.3738,3,1,9.43941,0.237531,5.01409,14.7003
360490103,232,135.827,56.7721,3,1,9.99671,0.18952,4.70965,14.9021
360490103,233,135.827,58.9862,3,1,9.44123,0.375924,4.79108,14.6144
360490103,234,99.9217,57.5319,3,1,10.2631,0.235958,4.74482,15.2517
360490103,235,120.868,61.9692,3,1,10.7776,0.232502,4.64278,15.6596
360490103,236,99.9217,58.1362,3,1,9.72207,0.253421,4.74292,14.7245
360490103,237,99.9217,60.3955,3,1,10.519,0.244374,4.77301,15.5427
360490103,238,121.002,61.059,3,1,10.1055,0.243262,4.69196,15.0473
360490103,239,99.9217,57.4717,3,1,9.87208,0.239214,4.71568,14.8328
360490103,240,105.865,60.3572,3,1,10.4974,0.218906,5.05087,15.7732
360490103,241,140.303,61.2046,3,1,11.0134,0.170464,4.76406,15.9554
360490103,242,121.005,59.1299,3,1,9.68228,0.234004,4.89856,14.8214
360490103,243,99.9217,61.0896,3,1,9.75953,0.245797,4.80859,14.8213
360490103,244,99.9217,58.1617,3,1,9.57827,0.233263,4.97337,14.7913
360490103,245,104.917,59.0808,3,1,9.83953,0.235157,5.03462,15.1162
360490103,246,105.162,59.4671,3,1,9.62225,0.245406,4.81362,14.6886
360490103,247,99.9217,57.1856,3,1,9.09868,0.238302,4.88173,14.2253
360490103,248,99.9217,58.9371,3,1,9.86756,0.232983,4.83148,14.9385
360490103,249,121.005,58.645,3,1,9.44903,0.236489,4.75676,14.449
360490103,250,99.9217,57.3589,3,1,9.85782,0.235347,4.81408,14.9132
360490103,251,120.028,58.5631,3,1,9.85998,0.203106,4.73191,14.8012
360490103,252,121.005,59.7853,3,1,9.9005,0.231149,4.91343,15.0531
360490103,253,99.9217,59.2808,3,1,9.39073,0.234646,4.93853,14.5712
360490103,254,120.905,64.8706,3,1,11.0222,0.177167,4.84493,16.0514
360490103,255,120.905,61.6207,3,1,10.8844,0.154905,4.74585,15.7919
360490103,256,120.997,57.3962,3,1,10.064,0.208757,5.17274,15.452
360490103,257,121.002,57.6946,3,1,9.23769,0.24748,5.11985,14.612
360490103,258,99.9217,58.5571,3,1,10.1992,0.167358,4.68599,15.0595
360490103,259,121.005,62.0463,3,1,10.1227,0.245697,4.9827,15.3574
360490103,260,120.935,63.4831,3,1,10.0552,0.236299,4.81662,15.1136
360490103,261,120.935,62.1354,3,1,11.1461,0.24214,4.9577,16.3528
360490103,262,115.2,61.8814,3,1,10.4382,0.239686,4.64894,15.333
360490103,263,99.9217,64.8683,3,1,10.8511,0.22594,4.65626,15.7405
360490103,264,99.9217,62.1944,3,1,10.1203,0.242781,4.74385,15.1134
360490103,265,99.9217,62.2622,3,1,10.5264,0.253592,4.96545,15.7517
360490103,266,120.958,60.0115,3,1,9.77596,0.241608,4.89065,14.9145
360490103,267,121.005,61.7269,3,1,10.3828,0.249464,4.7756,15.4139
360490103,268,121.005,63.2981,3,1,11.3303,0.162248,4.92293,16.4231
360490103,269,99.9217,63.2846,3,1,11.1647,0.220589,4.96676,16.3595
360490103,270,99.9217,62.2501,3,1,10.4709,0.244163,4.92316,15.645
360490103,271,120.905,61.3948,3,1,9.69484,0.245106,5.02166,14.969
360490103,272,99.9217,60.2467,3,1,10.6623,0.245196,4.85264,15.7698
360490103,273,99.9217,65.0442,3,1,11.283,0.253612,4.96631,16.5113
360490103,274,99.9217,64.2725,3,1,10.7422,0.245547,5.32477,16.3184
360490103,275,120.905,61.7252,3,1,11.126,0.240196,5.13154,16.5059
360490103,276,121.002,63.0503,3,1,10.9037,0.233073,4.89873,16.043
360490103,277,121.002,61.8485,3,1,10.1352,0.254213,5.17725,15.574
360490103,278,121.005,62.5702,3,1,10.9564,0.199048,5.03726,16.2049
360490103,279,121.002,64.1664,3,1,10.5352,0.246268,5.05314,15.8418
360490103,280,121.002,59.1993,3,1,10.7905,0.176926,4.84104,15.8147
360490103,281,120.973,60.1711,3,1,9.89939,0.23721,5.30495,15.4477
360490103,282,121.005,59.254,3,1,10.0189,0.241448,5.00276,15.2693
360490103,283,121.005,62.1099,3,1,10.2296,0.243202,5.13348,15.6125
360490103,284,121.005,58.7875,3,1,9.74216,0.238523,5.07222,15.0587
360490103,285,120.988,62.5075,3,1,10.0225,0.242901,4.93003,15.2016
360490103,286,120.988,61.6753,3,1,10.4477,0.249614,5.01591,15.7208
360490103,287,119.862,61.469,3,1,11.1198,0.161316,4.99916,16.2876
360490103,288,99.9217,58.7211,3,1,10.0605,0.24764,5.12686,15.441
360490103,289,99.9217,60.651,3,1,10.6215,0.197986,5.06691,15.8945
360490103,290,99.9217,64.9438,3,1,10.5477,0.259032,5.00742,15.8246
360490103,291,99.9217,59.7648,3,1,10.1188,0.216481,4.87958,15.2214
360490103,292,99.9217,59.454,3,1,9.92738,0.235187,4.82452,14.9933
360490103,293,121.005,63.1074,3,1,9.85551,0.232211,4.83152,14.9265
360490103,294,121.005,61.9764,3,1,10.2462,0.233633,4.82724,15.3135
360490103,295,121.005,59.7078,3,1,9.80564,0.233253,4.95294,14.9981
360490103,296,121.005,60.09,3,1,10.2255,0.24219,4.78686,15.2612
360490103,297,121.005,64.1337,3,1,10.3489,0.233885,4.82688,15.4181
360490103,298,121.005,59.4104,3,1,9.84668,0.249885,4.77381,14.8768
360490103,299,121.005,65.5086,3,1,10.5457,0.229976,4.62506,15.4072
360490103,300,121.005,62.2916,3,1,10.4521,0.250305,4.85154,15.5603
360490103,301,99.9217,58.2036,3,1,10.2321,0.169472,5.10331,15.5128
360490103,302,99.9217,62.8162,3,1,10.1256,0.234526,4.8582,15.2261
360490103,303,99.9217,67.2004,3,1,10.6356,0.234545,5.03945,15.9168
360490103,304,99.9217,65.0057,3,1,10.4884,0.229285,4.8681,15.5927
360490103,305,99.9217,58.9989,3,1,9.59647,0.230578,5.0144,14.8477
360490103,306,99.9217,62.729,3,1,10.3394,0.232932,4.91829,15.4969
360490103,307,99.9217,62.6461,3,1,11.0711,0.291203,4.83917,16.2098
360490103,308,100.04,61.1169,3,1,11.1739,0.168129,4.85051,16.2015
360490103,309,99.9217,61.5712,3,1,12.0907,0.249273,5.20783,17.5555
360490103,310,121.005,60.4994,3,1,10.4924,0.247319,5.03982,15.7859
360490103,311,121.005,60.1532,3,1,10.0258,0.254163,5.26475,15.5509
360490103,312,99.9217,61.7458,3,1,10.5418,0.241939,5.19451,15.9845
360490103,313,99.9217,62.5242,3,1,10.5074,0.24733,5.14822,15.9095
360490103,314,99.9217,61.6823,3,1,10.6153,0.250185,5.05979,15.932
360490103,315,120.973,66.9606,3,1,11.3493,0.350135,5.01263,16.7182
360490103,316,99.9217,61.67,3,1,11.2602,0.259032,5.34804,16.8759
360490103,317,99.9217,63.8705,3,1,10.6958,0.251838,5.48336,16.4396
360490103,318,116.257,60.003,3,1,10.4945,0.255145,5.4842,16.2402
360490103,319,99.9217,64.1634,3,1,11.1513,0.255636,5.25589,16.6693
360490103,320,99.9217,61.2838,3,1,10.9033,0.259423,5.34437,16.5135
360490103,321,121.005,62.7528,3,1,10.6365,0.401092,5.14523,16.1895
360490103,322,121.002,60.8808,3,1,10.2984,0.266556,5.58054,16.1514
360490103,323,121.002,61.2264,3,1,10.7311,0.253051,5.47637,16.4668
360490103,324,121.017,60.8813,3,1,10.8597,0.263,5.39511,16.5273
360490103,325,121.002,61.642,3,1,10.1137,0.267368,5.81362,16.2032
360490103,326,121.002,62.9274,3,1,11.0782,0.267448,5.61392,16.9684
360490103,327,121.005,62.3061,3,1,10.7512,0.264181,5.57475,16.598
360490103,328,119.562,64.0471,3,1,10.5849,0.38965,5.50537,16.4876
360490103,329,120.873,59.0749,3,1,10.105,0.41061,5.61497,16.1368
360490103,330,119.287,59.4705,3,1,11.4727,0.230928,5.64823,17.3601
360490103,331,119.287,63.0946,3,1,11.2289,0.265634,5.76194,17.2649
360490103,332,99.9217,59.5583,3,1,10.979,0.344855,5.58265,16.9134
360490103,333,121.005,61.822,3,1,10.8279,0.273299,6.03228,17.1421
360490103,334,119.24,59.1787,3,1,11.5048,0.21072,5.88255,17.6076
360490103,335,99.9217,58.2248,3,1,10.3297,0.199189,5.94283,16.4797
360490103,336,115.2,57.3737,3,1,11.0417,0.264222,5.57592,16.8897
360490103,337,99.9217,61.9834,3,1,11.3982,0.266125,5.50039,17.1724
360490103,338,99.9217,57.6891,3,1,10.4778,0.261035,5.56066,16.3085
360490103,339,99.9217,56.3957,3,1,9.91759,0.271205,5.69915,15.8954
360490103,340,116.6,57.6482,3,1,10.6572,0.267107,5.70028,16.6339
360490103,341,121.005,58.4105,3,1,11.1382,0.411992,5.28984,16.8489
360490103,342,121.005,59.7523,3,1,12.3699,0.224527,5.34511,17.9473
360490103,343,121.005,59.7681,3,1,10.2727,0.328374,5.49946,16.1073
360490103,344,121.005,57.8668,3,1,9.98893,0.264212,5.70704,15.9683
360490103,345,120.905,60.0963,3,1,9.92365,0.278589,5.87526,16.0857
360490103,346,120.905,58.2956,3,1,10.1064,0.261577,5.65641,16.0319
360490103,347,120.905,57.5869,3,1,10.9628,0.209889,5.371,16.5547
360490103,348,121.005,54.9372,3,1,10.1767,0.275473,5.26422,15.7255
360490103,349,120.935,60.5706,3,1,10.6077,0.288949,5.37205,16.2781
360490103,350,121.005,57.4251,3,1,9.84022,0.333163,5.4559,15.6382
360490103,351,119.287,60.4687,3,1,10.6491,0.395612,5.47076,16.5246
360490103,352,119.287,61.6789,3,1,10.7587,0.276375,5.43775,16.4809
360490103,353,120.868,58.6993,3,1,10.4014,0.325808,5.51186,16.2471
360490103,354,120.868,60.4872,3,1,10.8404,0.283058,5.78334,16.9148
360490103,355,99.9217,60.2324,3,1,10.9368,0.404959,5.73691,17.0876
360490103,356,100.14,60.3822,3,1,10.8888,0.277317,5.94278,17.1169
360490103,357,99.9217,57.9732,3,1,10.772,0.277838,5.71643,16.7763
360490103,358,99.9217,62.9206,3,1,11.093,0.41612,5.5184,17.0373
360490103,359,99.9217,59.0122,3,1,10.4932,0.281315,5.67593,16.4577
360490103,360,121.005,62.8235,3,1,11.185,0.385923,5.36999,16.9492
360490103,361,116.425,63.1307,3,1,11.3173,0.281264,5.60193,17.2078
360490103,362,99.9217,60.5532,3,1,10.2482,0.380263,5.69211,16.3288
360490103,363,99.9217,60.5045,3,1,11.1762,0.278359,5.92924,17.3954
360490103,364,120.958,57.0829,3,1,9.86446,0.40523,5.417,15.6948
360490103,365,101.913,59.8654,3,1,10.4972,0.282095,5.73499,16.5224
360490103,366,99.9217,58.1542,3,1,10.5641,0.287496,5.67818,16.5389
360490103,367,121.005,65.8287,3,1,11.4508,0.395311,5.43878,17.2938
360490103,368,99.9217,61.3859,3,1,11.3655,0.190712,5.59012,17.1571
360490103,369,99.9217,60.3541,3,1,10.744,0.326611,5.56538,16.6476
360490103,370,121.002,59.1051,3,1,10.0261,0.257439,5.43543,15.7259
360490103,371,99.9217,59.3576,3,1,10.8807,0.180563,5.55477,16.6229
360490103,372,99.9217,62.0983,3,1,11.2292,0.284901,5.54255,17.0667
360490103,373,120.38,62.0921,3,1,10.4423,0.293247,5.71882,16.4637
360490103,374,99.9217,63.4749,3,1,11.0412,0.285603,5.37804,16.7133
360490103,375,99.9217,62.9524,3,1,10.8933,0.270063,5.62842,16.8003
360490103,376,99.9217,57.8178,3,1,10.8523,0.296964,5.46023,16.6175
360490103,377,99.9217,59.4651,3,1,10.401,0.290582,5.85338,16.5545
360490103,378,99.9217,61.6953,3,1,11.2764,0.276095,5.48771,17.0511
360490103,379,121.005,63.0267,3,1,10.9482,0.418033,5.56702,16.943
360490103,380,121.005,60.9571,3,1,10.9482,0.292756,5.56753,16.8181
360490103,381,120.963,61.2648,3,1,10.8272,0.435798,5.828,17.1015
360490103,382,99.9217,60.66,3,1,10.5348,0.296533,6.0133,16.855
360490103,383,115.2,61.5721,3,1,10.648,0.296694,6.12609,17.0813
360490103,384,121.005,62.6733,3,1,10.9186,0.411942,5.90903,17.252
360490103,385,116.425,59.5018,3,1,10.4796,0.286314,6.44912,17.2215
360490103,386,121.005,64.9019,3,1,11.0625,0.276124,5.82324,17.1718
360490103,387,121.005,60.7381,3,1,11.6878,0.276134,5.76694,17.7377
360490103,388,99.9217,61.4033,3,1,10.3483,0.269662,5.85537,16.4823
360490103,389,99.9217,63.7087,3,1,10.798,0.398667,6.15981,17.3649
360490103,390,99.9217,64.5092,3,1,11.3334,0.288328,5.93523,17.5654
360490103,391,99.9217,63.7475,3,1,10.6825,0.290352,5.88589,16.8668
360490103,392,99.9217,62.371,3,1,10.4744,0.316902,6.00216,16.8022
360490103,393,100.117,64.0816,3,1,11.1508,0.376875,5.85481,17.3911
360490103,394,100.117,63.5401,3,1,11.5996,0.297244,6.00577,17.9121
360490103,395,100.172,63.777,3,1,11.083,0.294089,6.3297,17.716
360490103,396,100.172,64.6509,3,1,11.3104,0.284631,5.96814,17.5706
360490103,397,115.2,62.3215,3,1,11.4429,0.303526,5.72685,17.4839
360490103,398,99.9217,63.5001,3,1,10.6199,0.324797,5.87444,16.8275
360490103,399,121.005,62.4671,3,1,10.878,0.284531,5.83962,17.0109
360490103,400,121.005,61.436,3,1,10.534,0.281344,5.86635,16.6886
360490103,401,121.005,58.9836,3,1,10.6661,0.453902,5.72872,16.856
360490103,402,121.005,58.8649,3,1,10.5953,0.297475,5.93283,16.833
360490103,403,120.495,58.6588,3,1,10.7934,0.329666,5.90044,17.0328
360490103,404,99.9883,58.8937,3,1,10.0978,0.41097,5.94104,16.4561
360490103,405,99.9217,59.5395,3,1,10.9593,0.350897,5.81297,17.1319
360490103,406,99.9217,58.5996,3,1,11.0795,0.315769,5.91336,17.318
360490103,407,99.9217,61.1239,3,1,10.7998,0.288308,5.82333,16.9199
360490103,408,120.958,59.9999,3,1,10.8233,0.406842,5.58694,16.8276
360490103,409,120.785,59.3645,3,1,10.9527,0.349334,5.75629,17.0682
360490103,410,120.983,56.4546,3,1,10.3056,0.286103,6.19921,16.7998
360490103,411,121.005,55.1875,3,1,9.99845,0.281655,5.90808,16.1967
360490103,412,99.9217,56.3048,3,1,10.6475,0.288718,5.80138,16.7461
360490103,413,121.005,57.0462,3,1,9.52404,0.413735,5.98361,15.93
360490103,414,121.005,56.7043,3,1,9.75095,0.307053,5.9235,15.9879
360490103,415,99.9217,56.5087,3,1,9.77968,0.401342,6.62655,16.8171
360490103,416,120.827,57.7132,3,1,10.242,0.315118,5.94346,16.5118
360490103,417,99.9217,62.083,3,1,11.1437,0.293788,6.24135,17.6898
360490103,418,120.552,61.0384,3,1,11.5082,0.348642,6.02928,17.8954
360490103,419,120.905,59.1,3,1,11.1765,0.228574,6.0828,17.5001
360490103,420,121.005,62.1146,3,1,10.9642,0.3002,5.83239,17.1063
360490103,421,121.005,66.1128,3,1,11.5846,0.280733,6.0885,17.9606
360490103,422,120.905,61.6422,3,1,10.5217,0.288848,6.14032,16.9578
360490103,423,121.005,63.4735,3,1,12.1076,0.197805,6.04245,18.3552
360490103,424,99.9217,62.7512,3,1,11.5489,0.29442,6.33232,18.1855
360490103,425,99.9217,65.4871,3,1,11.5335,0.30023,6.52151,18.366
360490103,426,99.9217,64.0593,3,1,11.6053,0.438623,6.03026,18.0842
360490103,427,99.9217,66.8521,3,1,11.8484,0.450856,6.21366,18.5205
360490103,428,99.9217,64.7196,3,1,11.8723,0.477176,6.32287,18.6809
360490103,429,99.9217,65.8401,3,1,11.9698,0.309157,6.68359,18.973
360490103,430,99.9217,61.8333,3,1,11.4686,0.323895,6.47936,18.2816
360490103,431,119.378,62.4881,3,1,11.0199,0.483999,6.42876,17.9417
360490103,432,115.2,60.6429,3,1,11.6649,0.335397,6.81113,18.821
360490103,433,121.005,64.8286,3,1,12.87,0.462789,6.47353,19.8157
360490103,434,99.9217,63.7547,3,1,11.5463,0.429787,6.41344,18.3971
360490103,435,99.9217,61.1866,3,1,11.003,0.40529,6.27402,17.6888
360490103,436,99.9217,61.6939,3,1,11.6045,0.441819,6.24623,18.302
360490103,437,99.9217,62.1655,3,1,11.9042,0.315129,6.56828,18.7947
360490103,438,99.9217,62.5485,3,1,11.8961,0.294529,6.54192,18.7411
360490103,439,119.912,64.9536,3,1,11.5858,0.305129,6.49396,18.3932
360490103,440,119.912,62.1741,3,1,11.25,0.406792,6.63897,18.3027
360490103,441,99.9217,63.7471,3,1,12.3724,0.258671,6.56198,19.2056
360490103,442,121.005,63.5756,3,1,11.691,0.309547,6.89603,18.9078
360490103,443,99.9217,59.3027,3,1,10.926,0.301112,6.57463,17.8109
360490103,444,121.002,64.1346,3,1,11.9523,0.374281,6.96915,19.3053
360490103,445,120.958,60.6889,3,1,11.6606,0.238904,6.81216,18.7249
360490103,446,120.958,64.1535,3,1,11.3844,0.308246,6.9172,18.6192
360490103,447,99.9217,60.7659,3,1,11.1435,0.312864,6.83966,18.3054
360490103,448,99.9217,64.6773,3,1,13.3908,0.206762,6.56824,20.1749
360490103,449,105.868,63.9743,3,1,11.9313,0.46865,6.51002,18.9198
360490103,450,121.005,62.7785,3,1,11.7693,0.364322,6.60959,18.7541
360490103,451,101.577,66.2393,3,1,12.5853,0.317964,6.66645,19.5817
360490103,452,101.577,64.8842,3,1,12.6419,0.206913,6.45501,19.3133
360490103,453,99.9217,63.1159,3,1,11.9981,0.290752,6.45599,18.7533
360490103,454,99.9217,62.8543,3,1,12.4197,0.19485,6.34178,18.9637
360490103,455,120.905,64.6529,3,1,11.5054,0.445206,6.43429,18.393
360490103,456,120.905,61.6234,3,1,11.3622,0.308306,6.30311,17.9831
360490103,457,99.9217,61.4171,3,1,10.8459,0.302615,6.46171,17.6182
360490103,458,99.9217,64.3152,3,1,11.4356,0.472047,6.07266,17.9882
360490103,459,99.9217,66.4873,3,1,11.8893,0.317563,6.28071,18.4978
360490103,460,120.605,61.3851,3,1,11.4361,0.463951,6.33104,18.2408
360490103,461,99.9217,64.0877,3,1,12.7837,0.319477,6.44822,19.561
360490103,462,99.9217,67.619,3,1,11.9042,0.315659,6.41666,18.6472
360490103,463,119.47,62.6891,3,1,11.5204,0.330338,6.47243,18.3324
360490103,464,119.47,63.8063,3,1,11.5918,0.426861,6.26504,18.2913
360490103,465,99.9217,65.3422,3,1,11.5152,0.313476,6.53383,18.3708
360490103,466,121.005,61.7436,3,1,10.939,0.446889,6.49603,17.8911
360490103,467,99.9217,64.6279,3,1,11.5553,0.309779,6.85555,18.7318
360490103,468,120.972,60.101,3,1,11.1751,0.443832,6.40587,18.035
360490103,469,120.972,61.5838,3,1,11.2266,0.322092,6.64302,18.1992
360490103,470,99.9217,59.964,3,1,10.7757,0.325348,6.66587,17.7769
360490103,471,99.9217,60.7158,3,1,11.316,0.328233,6.86745,18.5195
360490103,472,120.958,62.5777,3,1,12.0761,0.501442,6.69931,19.287
360490103,473,120.958,61.0638,3,1,11.4611,0.450135,6.45376,18.3759
360490103,474,99.9217,61.5539,3,1,11.5762,0.327372,6.65532,18.5684
360490103,475,116.425,65.3613,3,1,12.0891,0.314708,6.73905,19.152
360490103,476,116.425,61.3742,3,1,11.7869,0.329746,6.71963,18.8467
360490103,477,99.9217,65.1058,3,1,12.1688,0.341699,6.48227,19.0018
360490103,478,116.257,64.0452,3,1,11.7443,0.314157,6.74422,18.814
360490103,479,100.2,61.599,3,1,11.0483,0.445716,6.42212,17.9259
360490103,480,151.285,62.7027,3,1,11.3888,0.490051,6.46913,18.357
360490103,481,151.285,59.2273,3,1,10.6249,0.335797,6.61102,17.5808
360490103,482,121.005,61.4629,3,1,11.7295,0.339305,6.59441,18.6735
360490103,483,121.005,60.3805,3,1,11.6381,0.408566,6.40229,18.4583
360490103,484,99.9217,60.638,3,1,11.1894,0.337551,6.57647,18.112
360490103,485,101.567,63.8296,3,1,12.1908,0.224817,6.54036,18.9643
360490103,486,101.567,59.8815,3,1,12.1013,0.328173,6.53995,18.9803
360490103,487,101.567,64.1994,3,1,11.8428,0.326219,6.68437,18.8631
360490103,488,101.567,62.0577,3,1,11.9436,0.320148,6.58151,18.8534
360490103,489,99.9217,65.3509,3,1,12.3607,0.312693,6.5867,19.2676
360490103,490,99.9217,62.1012,3,1,11.9693,0.334455,6.48837,18.8029
360490103,491,99.9217,61.7122,3,1,11.2788,0.43231,6.95461,18.6738
360490103,492,99.9217,63.6919,3,1,11.3783,0.332421,6.43043,18.1502
360490103,493,121.005,63.7045,3,1,11.339,0.332862,6.56735,18.2489
360490103,494,121.005,64.852,3,1,12.1192,0.335157,6.54665,19.0113
360490103,495,119.862,62.0796,3,1,11.4501,0.316541,6.54291,18.3183
360490103,496,116.2,64.3678,3,1,11.2944,0.348031,6.7738,18.4264
360490103,497,119.922,63.8516,3,1,11.4561,0.371856,6.52712,18.365
360490103,498,99.9217,61.6768,3,1,12.5101,0.482807,6.75751,19.7604
360490103,499,101.567,63.7689,3,1,11.8357,0.283498,6.33541,18.4641
360490103,500,100.12,61.7685,3,1,10.7451,0.374651,6.53789,17.6692
360490103,501,120.973,58.4435,3,1,10.4282,0.306151,6.55904,17.303
360490103,502,120.933,63.2145,3,1,10.967,0.301964,6.45114,17.7279
360490103,503,121.005,59.8765,3,1,11.6641,0.25761,6.41989,18.359
360490103,504,99.9217,58.455,3,1,10.4838,0.304318,6.39994,17.1962
360490103,505,99.9217,59.9267,3,1,11.1813,0.26869,6.47283,17.9311
360490103,506,112.155,62.3977,3,1,11.2394,0.201112,6.7985,18.2481
360490103,507,119.653,58.4087,3,1,11.9791,0.200861,6.73569,18.9249
360490103,508,119.653,63.516,3,1,11.8743,0.304008,6.52159,18.7109
360490103,509,99.9217,58.5713,3,1,10.4343,0.307584,6.65843,17.4095
360490103,510,99.9217,62.3966,3,1,11.7646,0.311442,6.84491,18.9295
360490103,511,120.648,58.8841,3,1,11.3697,0.303577,6.78792,18.4695
360490103,512,120.648,61.5776,3,1,11.2456,0.287887,6.64265,18.1838
360490103,513,99.9217,61.9931,3,1,12.3376,0.212714,6.58727,19.1483
360490103,514,99.9217,61.5855,3,1,11.4776,0.251036,6.61714,18.3588
360490103,515,120.905,59.9462,3,1,10.8194,0.482136,6.47661,17.7883
360490103,516,120.935,60.4456,3,1,11.1449,0.364623,6.70121,18.2213
360490103,517,120.785,64.545,3,1,12.4908,0.213906,6.39979,19.1141
360490103,518,120.905,64.9719,3,1,12.4849,0.309267,6.61473,19.4165
360490103,519,120.868,61.9544,3,1,11.5485,0.356808,6.6861,18.6015
360490103,520,99.9217,58.3615,3,1,10.9541,0.31609,6.96915,18.2518
360490103,521,120.905,60.9365,3,1,11.3445,0.330868,6.87324,18.5603
360490103,522,99.9217,59.2006,3,1,10.6904,0.360995,6.88712,17.9491
360490103,523,99.9217,60.9454,3,1,11.437,0.364171,6.71248,18.5229
360490103,524,121.005,58.9953,3,1,11.0978,0.244404,6.69607,18.0458
360490103,525,121.002,59.7417,3,1,10.8663,0.3155,6.82187,18.0126
360490103,526,99.9217,61.6131,3,1,11.2628,0.315459,6.96192,18.5509
360490103,527,99.9217,61.1248,3,1,11.904,0.213966,6.92313,19.051
360490103,528,105.843,60.3035,3,1,12.0938,0.335477,6.7744,19.2121
360490103,529,105.843,56.0221,3,1,10.3984,0.357589,6.82803,17.5912
360490103,530,120.905,62.2404,3,1,11.8415,0.380783,7.1497,19.3856
360490103,531,120.905,60.5727,3,1,11.6066,0.316271,7.0091,18.9403
360490103,532,121.005,62.3681,3,1,12.4656,0.45311,7.1446,20.0749
360490103,533,120.958,60.0749,3,1,11.8943,0.538854,6.85993,19.3044
360490103,534,99.9217,61.8974,3,1,11.6329,0.373179,7.39453,19.411
360490103,535,99.9217,59.3499,3,1,11.9411,0.352449,7.21612,19.5215
360490103,536,120.905,61.2334,3,1,11.9906,0.539545,7.21718,19.7589
360490103,537,99.9217,60.8425,3,1,11.7432,0.470263,6.92476,19.1477
360490103,538,99.9217,58.9722,3,1,11.7213,0.380252,6.90146,19.013
360490103,539,99.9217,62.3932,3,1,11.8748,0.353802,7.5981,19.8368
360490103,540,99.9217,61.191,3,1,12.2469,0.353632,7.31182,19.9239
360490103,541,99.9217,59.2013,3,1,11.3327,0.373168,7.37997,19.0962
360490103,542,121.005,62.4184,3,1,12.1212,0.382777,7.39183,19.9078
360490103,543,99.9217,61.4124,3,1,12.6738,0.343362,8.29752,21.3241
360490103,544,99.9217,61.7961,3,1,20.143,0.651838,8.32026,29.1482
360490103,545,99.9217,59.3454,3,1,13.0758,0.441298,7.53388,21.068
360490103,546,99.9217,58.3311,3,1,11.7649,0.374702,7.59105,19.7438
360490103,547,99.9217,62.1743,3,1,12.7762,0.444213,7.3007,20.5311
360490103,548,99.9217,59.3655,3,2,11.9078,0.528694,4.87286,17.3185
360490103,549,99.9217,65.2169,3,2,12.435,0.611712,6.87618,19.9362
360490103,550,120.502,61.2141,3,2,12.2823,0.443311,7.15838,19.8959
360490103,551,121.005,57.5466,3,1,11.2948,0.513565,7.45193,19.274
360490103,552,120.785,60.1729,3,2,11.8477,0.598357,7.82761,20.2857
360490103,553,120.785,57.7329,3,2,11.5743,0.674902,8.01428,20.2753
360490103,554,121.005,62.7012,3,2,12.5381,0.461477,8.0675,21.077
360490103,555,121.005,60.555,3,1,13.6002,0.46336,7.22567,21.3009
360490103,556,121.005,60.7298,3,1,11.972,0.334495,6.95549,19.2698
360490103,557,121.005,62.7543,3,1,12.2985,0.323625,7.24559,19.8767
360490103,558,120.935,64.6308,3,1,12.5078,0.315639,7.20581,20.038
360490103,559,99.9217,60.464,3,1,12.3245,0.216921,7.55087,20.1022
360490103,560,120.905,62.3269,3,1,11.8949,0.502304,7.74699,20.1541
360490103,561,99.9217,61.7196,3,1,11.9514,0.327602,7.21063,19.5
360490103,562,119.287,63.5236,3,1,12.4606,0.243723,6.83684,19.5507
360490103,563,149.438,62.6311,3,1,12.1934,0.321581,7.25279,19.7767
360490103,564,101.567,62.5711,3,1,11.5901,0.325488,7.14142,19.0663
360490103,565,105.868,63.4399,3,1,12.2301,0.321591,7.54825,20.11
360490103,566,121.005,60.5738,3,1,12.606,0.230167,7.69628,20.5424
360490103,567,121.005,63.9914,3,1,12.5984,0.48934,7.17554,20.273
360490103,568,121.005,61.6997,3,1,12.4966,0.326951,6.97656,19.8117
360490103,569,120.588,65.5993,3,1,12.6556,0.330778,7.39306,20.3882
360490103,570,99.9217,64.0661,3,1,12.8773,0.32674,7.39086,20.6067
360490103,571,100.002,60.8492,3,1,12.5716,0.21043,7.40269,20.1939
360490103,572,121.005,58.7706,3,1,10.855,0.32632,7.98428,19.1745
360490103,573,99.9217,62.5979,3,1,12.7265,0.236258,8.37385,21.3468
360490103,574,99.9217,63.2818,3,1,12.0819,0.324566,7.75169,20.1687
360490103,575,104.968,58.1001,3,1,11.6603,0.327492,7.49492,19.4938
360490103,576,99.9217,58.14,3,1,11.8875,0.224026,7.3225,19.445
360490103,577,99.9217,62.1799,3,1,12.4536,0.232292,7.39216,20.0919
360490103,578,99.9217,58.0524,3,1,11.3552,0.35827,7.39565,19.1176
360490103,579,121.005,59.3382,3,1,11.4449,0.351608,7.81708,19.622
360490103,580,105.893,56.8723,3,1,11.693,0.292225,7.36307,19.3579
360490103,581,120.937,59.6459,3,1,11.8848,0.271906,7.6802,19.8458
360490103,582,120.937,60.9086,3,1,12.2071,0.496012,7.21835,19.9324
360490103,583,120.937,59.7677,3,1,11.644,0.539615,7.44506,19.6401
360490103,584,120.937,55.2372,3,1,12.0693,0.471606,7.46242,20.0153
360490103,585,100.275,56.0679,3,1,11.3454,0.341569,7.91843,19.6149
360490103,586,100.275,57.0174,3,1,11.3474,0.332993,8.15262,19.8423
360490103,587,119.47,56.7195,3,1,10.7201,0.324607,8.32062,19.3752
360490103,588,99.9217,54.6133,3,1,10.6404,0.343262,7.89509,18.8904
360490103,589,99.9217,57.0552,3,1,11.2848,0.344314,8.07696,19.7176
360490103,590,121.002,56.4861,3,1,11.6494,0.230107,7.89931,19.7891
360490103,591,121.002,59.8245,3,1,11.8859,0.355465,8.12596,20.3788
360490103,592,121.017,56.7927,3,1,11.4817,0.334916,7.59525,19.422
360490103,593,99.9217,59.3242,3,1,12.1162,0.339745,7.49578,19.9641
360490103,594,99.9217,57.9886,3,1,11.5483,0.343162,7.93881,19.8414
360490103,595,115.2,60.6903,3,1,11.6364,0.346157,7.67005,19.663
360490103,596,119.615,56.6355,3,1,12.6845,0.335096,7.50302,20.5314
360490103,597,120.933,57.1276,3,1,12.3317,0.315509,7.54233,20.2006
360490103,598,120.827,56.8448,3,1,11.9042,0.347761,8.00816,20.2693
360490103,599,99.9217,57.7125,3,1,11.6228,0.546758,7.83857,20.0195
360490103,600,99.9217,57.8866,3,1,11.7628,0.35803,7.84919,19.982
360490103,601,119.562,58.8195,3,1,11.1635,0.349003,7.78688,19.3085
360490103,602,99.9217,57.3048,3,1,11.4529,0.554704,7.70043,19.7169
360490103,603,99.9217,54.0092,3,1,10.8445,0.34775,7.979,19.181
360490103,604,119.853,56.1473,3,1,11.4592,0.363029,8.52019,20.3505
360490103,605,120.905,55.0603,3,1,10.9683,0.360936,7.82958,19.1704
360490103,606,105.018,58.1673,3,1,11.242,0.344595,7.71883,19.3147
360490103,607,99.9217,55.9536,3,1,11.3474,0.312533,7.79527,19.464
360490103,608,99.9217,55.0123,3,1,10.8626,0.354663,7.85993,19.088
360490103,609,99.9217,55.8442,3,1,11.0219,0.341208,7.96474,19.3367
360490103,610,121.005,55.115,3,1,11.7222,0.316351,7.77761,19.8248
360490103,611,121.005,57.4379,3,1,12.5451,0.502454,7.62334,20.6797
360490103,612,121.005,57.4841,3,1,11.5196,0.518003,7.83626,19.8828
360490103,613,99.9217,55.3382,3,1,11.7817,0.291092,7.69194,19.7762
360490103,614,99.9217,57.4596,3,1,12.1576,0.357449,8.1951,20.7253
360490103,615,99.9217,56.1176,3,1,12.0338,0.357119,7.79742,20.1989
360490103,616,120.905,58.8683,3,1,12.0658,0.351798,7.7767,20.2055
360490103,617,120.905,55.5094,3,1,11.4117,0.350797,8.52569,20.2972
360490103,618,99.9217,57.0143,3,1,11.3732,0.357068,7.74446,19.4868
360490103,619,121.005,57.6859,3,1,11.9177,0.379662,7.47195,19.7793
360490103,620,121.005,58.0187,3,1,11.1626,0.342911,7.87598,19.3917
360490103,621,101.86,57.713,3,1,11.6247,0.341108,7.80825,19.784
360490103,622,119.827,60.777,3,1,11.7126,0.344645,7.88395,19.9518
360490103,623,121.005,59.264,3,1,11.7124,0.275794,7.95109,19.9488
360490103,624,120.935,56.524,3,1,11.7008,0.350245,7.75912,19.8202
360490103,625,120.935,61.4134,3,1,12.083,0.527502,7.74428,20.364
360490103,626,120.935,58.7317,3,1,12.4078,0.316601,8.0117,20.7463
360490103,627,120.935,58.6787,3,1,11.6797,0.349594,8.26939,20.3077
360490103,628,99.9217,58.7543,3,1,12.0749,0.302945,7.85372,20.2413
360490103,629,120.958,61.5333,3,1,12.4647,0.362819,7.94795,20.7868
360490103,630,99.9217,59.5607,3,1,12.429,0.24222,7.92082,20.6026
360490103,631,136.018,56.9972,3,1,11.4017,0.348192,7.87405,19.6326
360490103,632,151.315,54.1625,3,1,10.8556,0.360264,8.07639,19.3009
360490103,633,151.227,57.931,3,1,12.0116,0.290772,7.84666,20.1579
360490103,634,99.9217,56.1656,3,1,11.7202,0.319497,8.13786,20.186
360490103,635,121.005,59.2068,3,1,11.7624,0.356517,8.33831,20.4668
360490103,636,120.935,54.2075,3,1,11.9184,0.417683,7.67816,20.0257
360490103,637,120.958,59.3717,3,1,12.422,0.353111,8.05991,20.8465
360490103,638,116.257,55.102,3,1,11.6535,0.341077,8.21017,20.2166
360490103,639,121.005,58.8182,3,1,12.1375,0.357398,8.18074,20.6871
360490103,640,121.005,57.908,3,1,11.7198,0.357528,8.07862,20.1651
360490103,641,148.72,59.7466,3,1,11.7903,0.359312,8.16652,20.3255
360490103,642,99.9217,58.3239,3,1,12.0192,0.362027,8.25084,20.644
360490103,643,121.005,56.0245,3,1,12.3814,0.353221,8.16722,20.9129
360490103,644,121.005,57.9064,3,1,11.5518,0.576585,7.94377,20.082
360490103,645,120.038,59.6063,3,1,12.4592,0.361527,8.28229,21.1125
360490103,646,119.287,58.3182,3,1,12.2647,0.335197,7.76248,20.372
360490103,647,121.005,60.0603,3,1,12.0928,0.354293,8.30143,20.7584
360490103,648,99.9217,57.594,3,1,11.5965,0.368881,8.12706,20.1025
360490103,649,99.9217,59.8753,3,1,12.3504,0.349093,8.98518,21.697
360490103,650,99.9217,56.6428,3,1,12.8879,0.365604,8.35525,21.6208
360490103,651,99.9217,58.1922,3,1,11.9659,0.362478,8.05243,20.3913
360490103,652,121.005,57.7266,3,1,11.5787,0.354293,8.96327,20.9063
360490103,653,121.005,59.0255,3,1,12.3244,0.308856,8.17668,20.8205
360490103,654,121.005,62.1229,3,1,12.8508,0.364282,8.63676,21.8623
360490103,655,121.005,58.7106,3,1,11.9249,0.360394,8.26726,20.5644
360490103,656,121.005,59.9591,3,1,12.8129,0.362589,8.55002,21.7352
360490103,657,121.002,59.5031,3,1,12.2039,0.360284,8.43882,21.0123
360490103,658,120.868,61.39,3,1,12.4423,0.332501,8.18118,20.9644
360490103,659,116.257,59.8781,3,1,11.8038,0.560624,8.3334,20.7072
360490103,660,99.9217,58.9883,3,1,12.0139,0.322222,8.35226,20.6974
360490103,661,99.9217,61.7932,3,1,12.3111,0.502815,7.94087,20.7672
360490103,662,116.257,62.6963,3,1,12.6741,0.371605,9.22097,22.2779
360490103,663,99.9217,61.4337,3,1,12.9864,0.247339,8.66474,21.9101
360490103,664,99.9217,59.0587,3,1,12.3297,0.363751,8.45144,21.1577
360490103,665,115.2,66.713,3,1,13.7484,0.362268,8.63859,22.76
360490103,666,115.2,63.2241,3,1,12.5013,0.362548,8.54506,21.4203
360490103,667,121.005,60.6946,3,1,12.7005,0.367358,8.58199,21.6611
360490103,668,121.005,61.5267,3,1,14.0194,0.262518,8.34262,22.636
360490103,669,121.005,60.5468,3,1,11.9884,0.369862,8.69924,21.0687
360490103,670,121.005,59.78,3,1,12.2474,0.324447,8.45135,21.0358
360490103,671,121.005,60.2654,3,1,12.3941,0.31604,8.37467,21.0958
360490103,672,121.005,56.7849,3,1,11.9204,0.376695,8.52188,20.8295
360490103,673,121.005,58.3467,3,1,11.6316,0.373289,8.54367,20.5601
360490103,674,121.005,62.5008,3,1,14.5709,0.414026,8.10516,23.1025
360490103,675,99.9217,63.9054,3,1,13.3811,0.322372,8.33886,22.057
360490103,676,115.2,64.0641,3,1,12.8575,0.361727,8.64201,21.8728
360490103,677,99.9217,60.2365,3,1,12.8959,0.259202,8.25548,21.4229
360490103,678,115.2,62.5554,3,1,12.5224,0.369512,8.40176,21.308
360490103,679,121.005,60.6919,3,1,12.2575,0.374762,8.71174,21.3563
360490103,680,99.9217,62.7892,3,1,12.7683,0.58954,8.47783,21.8462
360490103,681,115.2,62.895,3,1,12.3621,0.379881,8.56494,21.3172
360490103,682,100.08,61.1902,3,1,12.537,0.365053,8.48762,21.4006
360490103,683,100.08,59.147,3,1,12.0467,0.363881,8.5122,20.9319
360490103,684,100.08,56.6832,3,1,11.508,0.548121,8.21254,20.278
360490103,685,99.9217,60.6488,3,1,12.7995,0.265925,9.08343,22.1606
360490103,686,115.222,58.8186,3,1,12.3345,0.382977,9.00014,21.7297
360490103,687,120.905,54.678,3,1,11.9342,0.36836,8.50761,20.8204
360490103,688,120.905,58.924,3,1,12.0285,0.54207,8.4464,21.0284
360490103,689,99.9217,60.3841,3,1,12.4979,0.370874,8.45479,21.3359
360490103,690,99.9217,57.5358,3,1,12.9318,0.364753,8.31687,21.623
360490103,691,99.9217,62.3231,3,1,13.4413,0.242961,8.49401,22.1902
360490103,692,99.9217,59.0444,3,1,12.5303,0.328073,8.45852,21.329
360490103,693,121.005,58.453,3,1,12.4993,0.373639,8.59934,21.482
360490103,694,115.2,60.931,3,1,13.7592,0.265965,8.54859,22.5968
360490103,695,99.9217,58.2214,3,1,12.6719,0.324887,8.28581,21.2946
360490103,696,99.9483,56.9663,3,1,11.9179,0.377076,8.28873,20.5937
360490103,697,120.958,60.8065,3,1,12.8117,0.378879,8.42449,21.6241
360490103,698,99.9217,60.2854,3,1,13.8749,0.366115,8.9404,23.1941
360490103,699,99.9217,61.6428,3,1,13.2586,0.3793,9.28958,22.9397
360490103,700,99.9217,61.6326,3,1,12.3528,0.387746,8.79938,21.5527
360490103,701,120.973,61.4135,3,1,12.3369,0.375012,8.53599,21.2585
360490103,702,116.257,60.3306,3,1,12.4677,0.240768,8.24276,20.9652
360490103,703,120.78,62.7747,3,1,12.8795,0.284149,8.58186,21.7549
360490103,704,99.9217,56.5783,3,1,12.8939,0.255596,8.83085,21.9931
360490103,705,120.935,63.793,3,1,13.3493,0.393788,8.85634,22.6142
360490103,706,99.9217,60.7678,3,1,12.4095,0.383027,8.54567,21.351
360490103,707,121.002,61.5262,3,1,12.5992,0.298617,8.9184,21.8292
360490103,708,105.877,62.3254,3,1,12.9344,0.3685,8.94298,22.2582
360490103,709,105.877,61.1525,3,1,12.5386,0.377918,8.88295,21.8102
360490103,710,99.9217,63.3016,3,1,13.2749,0.37419,8.21449,21.876
360490103,711,121.005,61.4619,3,1,12.3455,0.373981,8.4332,21.1622
360490103,712,121.005,61.3541,3,1,13.3098,0.250556,8.47831,22.0473
360490103,713,121.005,61.8741,3,1,12.6338,0.372818,8.47811,21.4946
360490103,714,99.9217,59.7527,3,1,13.3117,0.249213,8.53692,22.118
360490103,715,99.9217,65.4075,3,1,13.7095,0.346137,8.46666,22.5317
360490103,716,121.005,64.3516,3,1,13.1318,0.374852,9.14378,22.6598
360490103,717,115.2,64.8099,3,1,13.7064,0.28415,9.15601,23.1572
360490103,718,99.9217,61.3844,3,1,12.6061,0.387847,8.87145,21.8776
360490103,719,99.9217,64.7304,3,1,13.2463,0.379671,8.60463,22.2409
360490103,720,99.9217,62.403,3,1,12.5573,0.366216,8.78177,21.715
360490103,721,99.9217,63.4502,3,1,13.4864,0.381465,8.52848,22.4067
360490103,722,99.9217,63.2407,3,1,13.4804,0.383718,9.77024,23.6469
360490103,723,101.567,65.8873,3,1,14.6757,0.261266,8.99232,23.9425
360490103,724,120.702,60.3264,3,1,12.2456,0.381414,8.45451,21.0915
360490103,725,99.9217,59.4039,3,1,12.6295,0.365344,8.66809,21.6727
360490103,726,120.935,61.4583,3,1,13.5162,0.30525,8.63536,22.4667
360490103,727,120.935,60.1921,3,1,12.374,0.380603,8.7619,21.5255
360490103,728,99.9217,59.7268,3,1,13.2406,0.268951,8.67905,22.2
360490103,729,120.905,60.643,3,1,12.2138,0.382867,8.84355,21.4502
360490103,730,120.905,61.9276,3,1,12.6745,0.383448,8.75539,21.8231
360490103,731,121.005,59.619,3,1,12.3322,0.383819,8.67574,21.4014
360490103,732,121.005,61.1875,3,1,12.4218,0.591363,8.65802,21.6812
360490103,733,121.005,61.9626,3,1,12.5236,0.622843,8.64381,21.8024
360490103,734,121.005,58.796,3,1,11.7561,0.385081,8.96436,21.117
360490103,735,121.005,60.1891,3,1,11.7214,0.389229,8.74707,20.8675
360490103,736,120.935,60.0862,3,1,13.2498,0.387506,8.77775,22.4273
360490103,737,115.2,62.3024,3,1,12.7816,0.386645,8.75473,21.9324
360490103,738,99.9217,59.4122,3,1,13.0055,0.38442,8.67534,22.0781
360490103,739,99.9217,59.3828,3,1,13.3454,0.325478,8.76191,22.4446
360490103,740,99.9217,61.69,3,1,12.282,0.385091,8.92943,21.6079
360490103,741,121.005,61.7115,3,1,12.9635,0.400861,8.66499,22.0387
360490103,742,99.9217,60.7844,3,1,12.8482,0.468941,8.53138,21.8583
360490103,743,105.203,64.3062,3,1,13.7429,0.270624,8.62449,22.6471
360490103,744,99.9217,61.3056,3,1,12.6846,0.52126,8.74774,21.9643
360490103,745,115.2,64.288,3,1,13.9464,0.27901,9.05335,23.2937
360490103,746,120.905,61.0557,3,1,13.5471,0.390652,8.88048,22.8281
360490103,747,120.785,63.2521,3,1,14.0653,0.392696,8.88448,23.3549
360490103,748,99.9217,61.5927,3,1,13.1657,0.292225,9.2409,22.7089
360490103,749,99.9217,63.14,3,1,13.7683,0.40028,9.28355,23.4657
360490103,750,115.2,63.9028,3,1,13.2232,0.392836,9.18278,22.8093
360490103,751,115.2,61.2004,3,1,13.3242,0.305049,8.61998,22.2647
360490103,752,115.2,61.1362,3,1,13.8032,0.410219,8.75752,22.9847
360490103,753,115.45,61.6252,3,1,12.9866,0.593507,8.9048,22.5128
360490103,754,99.9217,61.5528,3,1,12.9212,0.399979,8.78158,22.1192
360490103,755,99.9217,64.18,3,1,13.4531,0.401553,8.86428,22.7322
360490103,756,120.905,60.3104,3,1,12.6385,0.565343,8.87867,22.0935
360490103,757,120.905,59.5604,3,1,13.5525,0.569311,8.96481,23.0999
360490103,758,120.935,57.4038,3,1,12.6593,0.397484,8.83991,21.9069
360490103,759,99.9217,57.9143,3,1,12.4042,0.38444,9.32855,22.1271
360490103,760,99.9217,60.6647,3,1,13.0304,0.349945,9.3225,22.7161
360490103,761,99.9217,58.9093,3,1,12.3502,0.40535,9.23826,22.006
360490103,762,99.9217,60.7383,3,1,12.6486,0.396062,9.02635,22.0818
360490103,763,121.005,60.4517,3,1,12.8099,0.392716,9.17142,22.3839
360490103,764,121.005,58.9062,3,1,12.5421,0.397184,9.13456,22.0874
360490103,765,121.005,59.0526,3,1,12.7077,0.368129,9.4161,22.5027
360490103,766,99.9217,58.264,3,1,13.2054,0.401292,9.15519,22.776
360490103,767,99.9217,56.308,3,1,11.9793,0.607794,9.08651,21.6841
360490103,768,99.9217,57.5991,3,1,12.6632,0.323825,9.13309,22.1303
360490103,769,99.9217,59.8955,3,1,13.5756,0.38437,9.37385,23.3468
360490103,770,99.9217,57.3924,3,1,12.9475,0.4056,9.40644,22.7704
360490103,771,99.9217,56.8906,3,1,12.1861,0.398056,9.45792,22.0535
360490103,772,120.905,57.6008,3,1,12.7881,0.297986,9.06635,22.1669
360490103,773,120.938,58.7167,3,1,12.6031,0.632822,8.84773,22.0939
360490103,774,119.562,60.0531,3,1,12.9361,0.392035,9.26068,22.5992
360490103,775,121.002,55.9391,3,1,12.4225,0.396934,9.21424,22.0435
360490103,776,121.002,55.2818,3,1,11.7818,0.402024,9.32422,21.5187
360490103,777,120.905,60.2874,3,1,13.2801,0.297114,9.44085,23.0301
360490103,778,120.905,58.5862,3,1,13.4174,0.336779,9.31404,23.0797
360490103,779,99.9217,58.703,3,1,12.3421,0.403316,9.55423,22.31
360490103,780,120.73,58.4986,3,1,12.7207,0.399408,9.40898,22.5395
360490103,781,120.73,60.111,3,1,13.3167,0.417573,9.57279,23.3172
360490103,782,99.9217,60.773,3,1,12.8496,0.407985,9.37039,22.639
360490103,783,99.9217,58.2964,3,1,12.753,0.396333,9.46234,22.6241
360490103,784,99.9217,56.8813,3,1,12.9343,0.30497,9.94468,23.1946
360490103,785,99.9217,54.4443,3,1,11.7688,0.411001,9.65227,21.8451
360490103,786,115.2,60.2516,3,1,13.4074,0.279992,9.59699,23.2971
360490103,787,115.2,57.3411,3,1,12.0167,0.404138,9.42315,21.8543
360490103,788,99.9217,55.5141,3,1,11.9785,0.404448,9.89827,22.2947
360490103,789,99.9217,57.7876,3,1,13.9956,0.606111,9.64965,24.2678
360490103,790,105.865,57.4433,3,1,12.488,0.408786,9.53661,22.4473
360490103,791,120.955,59.319,3,1,12.5294,0.602815,9.44118,22.5864
360490103,792,112.275,58.095,3,1,13.7249,0.262839,10.6702,24.6701
360490103,793,120.905,60.5293,3,1,13.417,0.607063,9.37597,23.4146
360490103,794,120.905,58.9919,3,1,13.2547,0.455855,9.28875,23.0111
360490103,795,99.9217,54.8465,3,1,12.3163,0.344865,9.42816,22.1046
360490103,796,150.45,58.2188,3,1,13.1279,0.59523,9.09784,22.8348
360490103,797,150.45,58.3612,3,1,12.1837,0.459062,9.44556,22.1007
360490103,798,150.45,58.3634,3,1,13.8447,0.404449,9.54704,23.8097
360490103,799,120.933,53.3734,3,1,12.3642,0.329275,9.3938,22.0978
360490103,800,99.9217,56.2207,3,1,12.0227,0.408696,9.5301,21.9718
360490103,801,116.257,56.2255,3,1,12.03,0.3948,9.43305,21.8678
360490103,802,99.9217,56.1851,3,1,12.8784,0.596012,9.1845,22.6693
360490103,803,99.9217,57.2248,3,1,12.5195,0.424296,9.67591,22.6309
360490103,804,119.653,61.078,3,1,12.993,0.34225,9.76602,23.1133
360490103,805,116.257,60.7554,3,1,12.7401,0.499849,9.47325,22.7248
360490103,806,99.9217,57.9706,3,1,12.7368,0.415819,9.45816,22.6214
360490103,807,99.9217,60.8907,3,1,12.8281,0.393918,9.6528,22.8851
360490103,808,115.2,60.9862,3,1,13.2809,0.313946,9.49279,23.1001
360490103,809,99.9217,62.1615,3,1,13.6608,0.38951,9.54837,23.613
360490103,810,99.9217,59.9976,3,1,12.8536,0.334125,9.58314,22.7843
360490103,811,99.9217,62.4968,3,1,13.0416,0.418845,9.60472,23.0764
360490103,812,99.9217,60.9855,3,1,13.0587,0.416812,9.68183,23.1699
360490103,813,99.9217,60.8728,3,1,12.7535,0.414156,9.68696,22.8662
360490103,814,99.9217,59.4301,3,1,13.4874,0.36342,9.76501,23.6282
360490103,815,121.005,62.8598,3,1,13.735,0.412233,10.2652,24.4252
360490103,816,99.9833,60.7715,3,1,13.1279,0.42628,9.53645,23.1044
360490103,817,99.9217,62.386,3,1,13.0727,0.421841,9.62766,23.1342
360490103,818,99.9217,61.3273,3,1,12.6288,0.63194,9.589,22.8605
360490103,819,99.9217,64.0904,3,1,13.7989,0.345988,9.7017,23.8602
360490103,820,99.9217,61.2749,3,1,12.8049,0.425668,9.82193,23.0652
360490103,821,120.935,62.3869,3,1,12.9433,0.43152,9.67233,23.0577
360490103,822,116.257,60.0482,3,1,13.3537,0.278789,9.70418,23.3496
360490103,823,120.78,62.9026,3,1,13.1452,0.427471,9.83665,23.4201
360490103,824,116.257,59.7396,3,1,12.7489,0.413114,9.95241,23.1244
360490103,825,101.567,60.444,3,1,12.6714,0.592845,9.63832,22.9133
360490103,826,99.9217,56.4295,3,1,12.362,0.298016,10.0805,22.7543
360490103,827,99.9633,58.8529,3,1,13.3302,0.331399,10.3145,23.9907
360490103,828,100.08,57.6015,3,1,11.8503,0.433423,10.2005,22.4991
360490103,829,99.9417,61.6175,3,1,11.9363,0.430348,9.93295,22.3134
360490103,830,99.9417,60.8205,3,1,12.3064,0.635557,9.88803,22.8446
360490103,831,99.9217,59.3508,3,1,13.0285,0.575493,10.003,23.6233
360490103,832,121.005,55.6483,3,1,10.9461,0.429846,10.2652,21.652
360490103,833,121.005,60.2431,3,1,12.0045,0.476535,10.1198,22.6115
360490103,834,99.9667,59.2158,3,1,12.1504,0.639153,9.76651,22.5689
360490103,835,99.9667,59.4128,3,1,11.7874,0.425889,10.1297,22.3561
360490103,836,99.9217,59.6325,3,1,11.8676,0.418335,9.91387,22.2109
360490103,837,120.005,58.13,3,1,12.7793,0.296223,9.93744,23.0295
360490103,838,119.653,61.754,3,1,14.8851,0.311341,9.8315,25.0425
360490103,839,119.653,55.934,3,1,11.6411,0.498086,9.78475,21.9349
360490103,840,120.687,61.0334,3,1,12.4281,0.387536,9.916,22.7426
360490103,841,99.9217,61.5506,3,1,12.67,0.42686,9.9066,23.0142
360490103,842,99.9217,57.4643,3,1,11.7674,0.455495,9.91056,22.1442
360490103,843,101.567,60.5425,3,1,12.1033,0.432101,9.95176,22.4979
360490103,844,101.38,62.4671,3,1,13.3131,0.277006,9.61238,23.2151
360490103,845,120.785,62.1801,3,1,13.3485,0.412914,9.50718,23.2795
360490103,846,120.137,61.7197,3,1,13.0408,0.420018,10.0918,23.5626
360490103,847,120.137,60.523,3,1,12.9441,0.325539,9.78041,23.0609
360490103,848,121.005,65.5393,3,1,13.5688,0.290992,9.82211,23.6917
360490103,849,120.81,58.0217,3,1,11.9623,0.424647,10.2268,22.626
360490103,850,99.9217,60.7351,3,1,13.4413,0.292646,10.1258,23.8729
360490103,851,99.9217,62.2471,3,1,12.2051,0.432742,9.74651,22.3974
360490103,852,121.005,61.0395,3,1,12.4916,0.425308,9.93947,22.8688
360490103,853,121.005,59.2453,3,1,12.0181,0.424286,10.054,22.5067
360490103,854,121.005,61.5717,3,1,12.9326,0.42619,9.70231,23.0725
360490103,855,99.9217,61.4903,3,1,13.3709,0.283138,9.83671,23.5043
360490103,856,99.9217,63.4332,3,1,13.5449,0.355526,9.99518,23.907
360490103,857,99.9217,66.102,3,1,13.3683,0.429405,9.87058,23.6819
360490103,858,120.933,63.7587,3,1,13.3459,0.340898,9.763,23.4605
360490103,859,121.005,66.2135,3,1,15.1201,0.27901,10.0257,25.4404
360490103,860,120.958,64.4233,3,1,13.2239,0.427341,10.2409,23.9032
360490103,861,121.005,63.916,3,1,13.448,0.390381,10.0167,23.8653
360490103,862,99.9217,63.2193,3,1,13.3707,0.423625,9.94463,23.7497
360490103,863,121.002,64.0294,3,1,13.2737,0.586273,9.61124,23.4839
360490103,864,99.9217,62.7524,3,1,12.7346,0.406612,10.3139,23.4681
360490103,865,120.935,62.5866,3,1,12.5578,0.67404,10.0646,23.3117
360490103,866,121.002,63.8831,3,1,13.7676,0.349003,10.113,24.243
360490103,867,121.002,63.1857,3,1,13.0345,0.428313,10.4844,23.9582
360490103,868,99.9217,62.3271,3,1,12.7057,0.435106,10.2452,23.3977
360490103,869,99.9217,63.0952,3,1,13.2358,0.40048,10.1539,23.8025
360490103,870,121.005,62.8811,3,1,12.3232,0.696382,10.1897,23.22
360490103,871,121.005,62.0381,3,1,13.9494,0.320789,10.9816,25.268
360490103,872,120.643,60.7092,3,1,12.4621,0.439574,11.3657,24.2819
360490103,873,120.643,59.4623,3,1,12.5274,0.385782,10.4534,23.3801
360490103,874,120.643,61.8956,3,1,12.5674,0.544024,10.0741,23.1982
360490103,875,116.257,62.8842,3,1,12.8763,0.697685,9.94536,23.5318
360490103,876,116,62.1388,3,1,13.0901,0.299348,10.5529,23.9567
360490103,877,120.138,60.5706,3,1,12.7964,0.346088,10.4093,23.5673
360490103,878,120.138,58.8407,3,1,12.5302,0.652239,10.5175,23.7129
360490103,879,99.9217,59.6317,3,1,13.0941,0.309017,11.3039,24.721
360490103,880,99.9217,61.7868,3,1,12.637,0.459924,10.5585,23.6713
360490103,881,116.257,63.1175,3,1,13.0503,0.437481,10.459,23.9581
360490103,882,107.517,64.6981,3,1,14.7571,0.302695,10.8944,25.9757
360490103,883,99.9217,57.5307,3,1,12.4655,0.449293,10.4499,23.3771
360490103,884,99.9217,62.5897,3,1,12.6286,0.634906,10.2302,23.5076
360490103,885,99.9217,62.4484,3,1,12.7253,0.434305,10.3811,23.5549
360490103,886,119.835,66.8912,3,1,13.7014,0.456087,10.4435,24.6129
360490103,887,99.9217,61.7606,3,1,12.3995,0.452219,10.5842,23.448
360490103,888,99.9217,63.2586,3,1,12.9897,0.448863,10.5646,24.0147
360490103,889,99.9217,62.2013,3,1,12.3158,0.447139,10.5941,23.3685
360490103,890,99.9217,59.9798,3,1,12.4917,0.454743,11.0243,23.982
360490103,891,99.9217,62.8123,3,1,13.0567,0.345666,10.5845,23.9983
360490103,892,99.9217,60.874,3,1,12.3736,0.686894,10.4335,23.5074
360490103,893,99.9217,61.6411,3,1,12.8606,0.541158,10.9646,24.3799
360490103,894,99.9217,60.1651,3,1,12.7936,0.54763,10.643,24.0002
360490103,895,99.9217,63.5601,3,1,13.6243,0.336378,10.5718,24.5442
360490103,896,116.257,60.0772,3,1,13.3961,0.380573,10.807,24.6017
360490103,897,105.202,62.9404,3,1,12.8644,0.456307,10.6714,24.0067
360490103,898,99.9217,61.2568,3,1,12.8953,0.449554,10.6564,24.0138
360490103,899,99.9217,63.4286,3,1,13.841,0.448351,10.6319,24.9363
360490103,900,99.9217,64.3254,3,1,13.0454,0.454994,10.743,24.2575
360490103,901,99.9217,63.8849,3,1,13.193,0.456968,10.7296,24.3915
360490103,902,99.9217,61.4512,3,1,13.8016,0.315078,11.3344,25.4666
360490103,903,120.958,62.5398,3,1,13.5886,0.461516,11.0757,25.139
360490103,904,116.107,63.5854,3,1,14.6006,0.446558,10.6879,25.7476
360490103,905,116.107,60.3319,3,1,12.6494,0.459002,11.0228,24.1439
360490103,906,99.9217,59.2032,3,1,12.5269,0.435336,10.9046,23.8788
360490103,907,99.9217,60.8565,3,1,12.912,0.407504,11.0598,24.3938
360490103,908,99.9217,61.3126,3,1,12.6408,0.460875,10.7228,23.84
360490103,909,116.257,59.0523,3,1,12.1678,0.473629,10.8858,23.5409
360490103,910,119.912,60.1932,3,1,13.037,0.469492,10.9607,24.4804
360490103,911,99.9217,62.7075,3,1,13.4541,0.424797,10.8011,24.6968
360490103,912,99.9217,61.8714,3,1,13.6259,0.487446,10.9556,25.0881
360490103,913,99.9217,63.4432,3,1,13.6691,0.5528,10.6521,24.8873
360490103,914,99.9217,62.0412,3,1,13.4374,0.44186,11.0471,24.9388
360490103,915,99.9217,61.7261,3,1,13.4972,0.458872,11.0009,24.9688
360490103,916,99.9217,62.0058,3,1,13.1383,0.469401,10.8537,24.4735
360490103,917,119.562,63.1652,3,1,13.3266,0.318946,10.8972,24.5565
360490103,918,99.9217,60.7247,3,1,13.2383,0.442511,10.9622,24.6566
360490103,919,99.9217,63.3022,3,1,13.0325,0.463671,11.0766,24.5852
360490103,920,99.9217,65.0096,3,1,13.649,0.473639,10.9232,25.059
360490103,921,99.9217,63.2374,3,1,13.7113,0.462599,11.3484,25.5369
360490103,922,99.9217,60.3447,3,1,13.7278,0.474812,11.1075,25.3242
360490103,923,99.9217,60.1367,3,1,12.9302,0.478999,11.1566,24.5784
360490103,924,100.01,63.1222,3,1,13.7158,0.352299,11.1631,25.2428
360490103,925,99.9633,63.0651,3,1,13.9212,0.344213,10.8839,25.161
360490103,926,99.9217,60.629,3,1,14.6882,0.303857,11.1058,26.109
360490103,927,99.9217,59.5329,3,1,13.2887,0.41061,10.7191,24.4301
360490103,928,99.98,61.7458,3,1,13.6494,0.639234,11.0527,25.3532
360490103,929,119.562,62.2264,3,1,14.5995,0.481945,11.2239,26.3202
360490103,930,100.68,59.709,3,1,13.7514,0.346488,11.8084,25.9205
360490103,931,120.972,60.9721,3,1,13.897,0.353992,11.3137,25.5834
360490103,932,120.972,59.6407,3,1,13.1765,0.416421,11.2277,24.8337
360490103,933,121.005,57.1961,3,1,12.8807,0.393638,10.9631,24.2496
360490103,934,121.002,60.0695,3,1,13.5483,0.331921,11.079,24.9733
360490103,935,99.9217,59.6356,3,1,13.1501,0.458381,11.1076,24.7279
360490103,936,99.9217,62.6838,3,1,14.6139,0.437651,11.0598,26.1256
360490103,937,99.9217,62.5496,3,1,13.7393,0.455335,11.4679,25.6757
360490103,938,99.9217,62.8044,3,1,13.298,0.475263,11.2486,25.0362
360490103,939,99.9217,60.4874,3,1,13.187,0.680041,11.2417,25.1207
360490103,940,99.9217,63.922,3,1,14.1615,0.311431,11.649,26.1346
360490103,941,99.9217,59.3636,3,1,12.9779,0.409197,11.1706,24.573
360490103,942,101.567,58.4136,3,1,13.4171,0.361527,11.1138,24.909
360490103,943,120.973,62.2881,3,1,13.5812,0.478929,11.2848,25.36
360490103,944,120.973,54.9642,3,1,12.5629,0.720428,11.3296,24.6293
360490103,945,99.9217,58.9238,3,1,13.0938,0.400971,11.1377,24.6442
360490103,946,99.9217,59.7296,3,1,14.6656,0.322733,11.2996,26.3044
360490103,947,120.955,59.5865,3,1,13.1093,0.478048,11.6519,25.2515
360490103,948,99.9217,56.2266,3,1,13.087,0.42089,11.8471,25.3709
360490103,949,99.9217,57.9797,3,1,12.836,0.482456,11.1768,24.51
360490103,950,121.005,61.2787,3,1,14.227,0.486544,11.5748,26.3027
360490103,951,120.993,61.4736,3,1,13.2148,0.482797,11.5105,25.2225
360490103,952,121.002,59.1785,3,1,13.1236,0.617443,11.7052,25.4584
360490103,953,99.9217,60.9159,3,1,14.3082,0.312273,11.6921,26.3268
360490103,954,99.9217,61.5512,3,1,13.0128,0.494419,11.4702,24.9897
360490103,955,119.827,59.7081,3,1,14.2861,0.423845,11.7284,26.4554
360490103,956,99.9217,61.0769,3,1,13.7704,0.471886,11.4886,25.7433
360490103,957,99.9217,59.5307,3,1,13.1896,0.485102,11.6147,25.3013
360490103,958,120.972,65.1206,3,1,14.6316,0.683498,11.4,26.7273
360490103,959,100.163,60.6145,3,1,13.7214,0.32666,11.4235,25.4827
360490103,960,100.163,57.156,3,1,12.7204,0.417502,11.8731,25.0229
360490103,961,99.9217,58.127,3,1,13.7902,0.350896,11.87,26.0256
360490103,962,99.9217,57.2211,3,1,12.8605,0.417062,11.552,24.8489
360490103,963,121.005,59.7398,3,1,12.6869,0.502895,11.9373,25.1412
360490103,964,114.292,58.2268,3,1,13.1693,0.624686,11.6536,25.4645
360490103,965,120.912,58.8787,3,1,13.5982,0.333723,11.6781,25.6243
360490103,966,121.002,61.8214,3,1,13.8091,0.480583,11.5396,25.8416
360490103,967,121.005,61.8847,3,1,13.7917,0.500571,11.2791,25.5854
360490103,968,121.005,61.3669,3,1,13.5237,0.391173,11.361,25.2895
360490103,969,99.9217,63.9297,3,1,13.6787,0.385803,12.4215,26.5061
360490103,970,99.9217,61.6223,3,1,13.329,0.491263,11.5911,25.4279
360490103,971,99.9217,65.3337,3,1,14.515,0.462298,11.3841,26.3754
360490103,972,99.9217,58.7928,3,1,13.0096,0.725688,11.1889,24.9363
360490103,973,99.9217,59.7453,3,1,13.6658,0.497234,11.7066,25.8834
360490103,974,99.9217,63.5416,3,1,14.1468,0.490031,11.5925,26.2457
360490103,975,121.005,61.0526,3,1,12.9262,0.491653,11.905,25.3381
360490103,976,99.9217,61.2402,3,1,14.1415,0.359903,11.6042,26.1232
360490103,977,99.9217,60.4142,3,1,13.5792,0.45307,11.6587,25.7073
360490103,978,99.9217,59.6481,3,1,13.7334,0.399349,11.5997,25.7455
360490103,979,151.227,55.9284,3,1,12.856,0.400922,11.541,24.8098
360490103,980,151.227,60.9206,3,1,13.3254,0.487205,11.5991,25.4243
360490103,981,1192.62,59.9473,3,1,12.9795,0.435848,11.8021,25.2385
